medianOR,eta
1.0003057084946876,0.001
0.9990269615555034,0.001
0.9993541254753016,0.001
1.000040719266844,0.001
1.0008744221891521,0.001
0.9986386029101395,0.001
0.999600467059487,0.001
0.999461353831887,0.001
1.0010221463820876,0.001
1.0002765906212732,0.001
0.9997305352890962,0.001
1.0007612738987588,0.001
1.0005228606589074,0.001
0.9995824868178583,0.001
0.999679449919074,0.001
1.000185949832815,0.001
0.9997221789697632,0.001
0.9998199571308293,0.001
0.9979888818089145,0.001
1.0000917436523513,0.001
1.000464127020001,0.001
0.9982697692303198,0.001
0.9985864434635199,0.001
0.9991075987336834,0.001
0.9982761934197986,0.001
1.0003840873043242,0.001
1.0004779458288933,0.001
1.0010463631782456,0.001
1.0006972561553102,0.001
1.0004054334935406,0.001
1.0006537210450066,0.001
1.0004744890648745,0.001
1.0007863091804867,0.001
0.9983133094338962,0.001
1.0001109945352709,0.001
0.9999029675412106,0.001
0.999913289640874,0.001
0.9996575652564896,0.001
0.9998184031117465,0.001
1.0008731817621632,0.001
1.0016710873966899,0.001
0.9995047328832496,0.001
0.9994052783011985,0.001
0.9989366475165852,0.001
1.0011866027653484,0.001
1.0025788855269158,0.001
1.0002886395455848,0.001
0.9999139522540881,0.001
1.0003453051518008,0.001
1.0012132224230625,0.001
1.0009001672163238,0.001
1.0001035266362983,0.001
1.001112877580287,0.001
1.000419175623254,0.001
0.9999059120698871,0.001
0.9990636259892696,0.001
1.000204021388853,0.001
0.9979946875932225,0.001
1.0011837383730087,0.001
1.0008651890323859,0.001
0.9998724653505427,0.001
1.001904295529061,0.001
1.0005665935549914,0.001
0.9994890341743978,0.001
1.0007647099793862,0.001
1.0000721431110533,0.001
1.0013961185755695,0.001
0.9986869060707376,0.001
0.9996506839634391,0.001
0.9993643062334907,0.001
1.0015687721325919,0.001
0.9997359927874544,0.001
1.000606159032274,0.001
0.9975526037274874,0.001
0.9994954112179487,0.001
0.9994490577417555,0.001
0.9989595090368062,0.001
0.9992331081069846,0.001
1.0003179939447895,0.001
1.0000295329874178,0.001
1.0002080824591086,0.001
1.000347074299583,0.001
0.9984963404235274,0.001
1.0011277081775818,0.001
1.0007806313122651,0.001
0.9988705078320239,0.001
1.0012819247437972,0.001
0.9999797814406461,0.001
1.0020760435281204,0.001
1.0011324363417469,0.001
0.9993613561719609,0.001
1.0002874816546634,0.001
1.001532434286138,0.001
1.0006701076454105,0.001
1.0001850739280522,0.001
1.0009378362218144,0.001
1.0015719198201785,0.001
1.0002767415524925,0.001
0.9992901230471742,0.001
1.0012935870658346,0.001
0.9992129089938395,0.001
1.0003848014651173,0.001
1.0023713239779781,0.001
0.9992881673929093,0.001
0.9987560432780437,0.001
1.0004661499730163,0.001
1.0004933845071882,0.001
1.00022608528375,0.001
0.9992094278366934,0.001
0.9983600431540439,0.001
0.9997966944689906,0.001
1.0002683672106847,0.001
1.000181149512823,0.001
0.9998571898299341,0.001
0.9988175705853081,0.001
0.9993117016470298,0.001
0.9999532780196585,0.001
1.0000797909259527,0.001
1.0007735241391003,0.001
0.999022687428196,0.001
0.9988079812167493,0.001
1.0003527707329807,0.001
0.9987550109655592,0.001
0.9998566131985779,0.001
1.0005215439994144,0.001
1.0004456937721316,0.001
1.0003174277933085,0.001
0.9994735422400827,0.001
0.9993148843941053,0.001
1.0003300911439885,0.001
0.999241111297219,0.001
0.9993198644675483,0.001
0.999848944239255,0.001
0.9998693853877917,0.001
1.0016390934007997,0.001
0.9981014222297078,0.001
0.9998093687976525,0.001
0.9997442504736966,0.001
0.9997568376085733,0.001
1.0014834115492475,0.001
1.000989240864355,0.001
0.9985343464497337,0.001
0.9995520213016126,0.001
1.000536072139036,0.001
0.9985850637239828,0.001
0.9988935261262742,0.001
1.0006172795590227,0.001
1.000407516285829,0.001
0.9993457286184568,0.001
1.0018140824270814,0.001
0.9984523444649038,0.001
0.9997344945840615,0.001
1.00037677755771,0.001
0.9988648560074648,0.001
1.0000268867613276,0.001
1.0003715381801073,0.001
1.0012495755255257,0.001
1.0000379875817094,0.001
1.001682706714684,0.001
1.0005097592801468,0.001
0.9991541970785379,0.001
1.0017053092069588,0.001
1.0002017484309034,0.001
1.0009231171122435,0.001
0.9995670752685567,0.001
1.0002795406250007,0.001
0.9999291864098948,0.001
0.9988517180691029,0.001
0.9994649144979307,0.001
1.0005407803128765,0.001
1.000576925544982,0.001
1.0006313573188659,0.001
0.9999814920681444,0.001
0.9991789055508656,0.001
0.9988183536325609,0.001
1.0011081837491436,0.001
0.9989088172653315,0.001
0.9986192625638743,0.001
1.0005025744352922,0.001
0.9998328792370245,0.001
0.9991472829913616,0.001
0.9993819394498022,0.001
0.9995434593372379,0.001
0.9998874055607329,0.001
1.000122782842457,0.001
0.9991417245091375,0.001
0.9980636503819171,0.001
0.9987416723842669,0.001
1.0003847159199386,0.001
0.9993913506627272,0.001
1.001277220872155,0.001
0.997932689807037,0.001
0.9998839435634175,0.001
0.9992788567434082,0.001
0.9990557642406213,0.001
0.9989806178942419,0.001
0.9995334156158765,0.001
0.9985854340733659,0.001
1.0012632662508771,0.001
0.9991325223767928,0.001
0.9976290424839903,0.001
0.9996727438907658,0.001
1.0007781479925184,0.001
0.9993384577220019,0.001
0.9988390813879211,0.001
0.9995260820467734,0.001
0.9995815559732283,0.001
1.000194032150901,0.001
1.0029041804106489,0.001
0.9988995377259297,0.001
1.000046977914483,0.001
0.999948079258536,0.001
0.9979759196941633,0.001
1.0008858008184194,0.001
0.9997374801350113,0.001
1.0013278692745409,0.001
0.9995982943858301,0.001
0.9996905252377704,0.001
0.9973475369268628,0.001
1.0006926252252335,0.001
1.0005698737959292,0.001
1.0017480899222768,0.001
0.9995229216403688,0.001
0.9981822139796351,0.001
1.0000768792487031,0.001
0.9986435735887107,0.001
0.9990174469698005,0.001
0.9998695438717078,0.001
1.00032766118144,0.001
0.9986481189703953,0.001
1.001140539618369,0.001
0.9982921052432205,0.001
1.0001736998971926,0.001
1.0007516720500873,0.001
0.9995151029340862,0.001
1.0008461713805548,0.001
0.9999822837462157,0.001
1.0004830067350534,0.001
0.9994684932294654,0.001
0.9999246577084738,0.001
1.0001379271718114,0.001
0.9979718625177596,0.001
1.000839137837337,0.001
0.9996057536414953,0.001
0.9996558211373947,0.001
0.9995662420973729,0.001
0.9981567521315782,0.001
1.0009932025321129,0.001
0.9999949438760615,0.001
1.0001649397715875,0.001
1.0012654184655674,0.001
1.0028212039382496,0.001
1.0026617905630304,0.001
1.0002624202188766,0.001
1.0017617484824815,0.001
1.0000317342893121,0.001
1.000353557290015,0.001
0.9999943166810797,0.001
1.000371629220794,0.001
0.9999622246375761,0.001
0.9997195028826069,0.001
1.0016439296768795,0.001
1.0008774083993237,0.001
0.9983244448109732,0.001
1.0008419194043978,0.001
0.9997238721976777,0.001
0.9997221908787629,0.001
0.9987791715986868,0.001
1.0002760087027018,0.001
1.0002656742211944,0.001
0.9980346949115256,0.001
0.9995739331700433,0.001
0.9983353239426611,0.001
1.000881121137712,0.001
1.0003784499118777,0.001
1.000448047682464,0.001
1.0014308167082948,0.001
0.9989459261255346,0.001
1.0004575503198503,0.001
1.0002788491367172,0.001
1.001115548623758,0.001
0.9992386299937093,0.001
0.9998251077519545,0.001
1.0002139242144616,0.001
1.0001361865442364,0.001
1.0018831440489153,0.001
0.99975188293192,0.001
0.9995036687629961,0.001
1.0016943631186455,0.001
0.9993075408880304,0.001
0.9995896343711015,0.001
0.9988204549106605,0.001
0.9988522495287572,0.001
1.000459654464264,0.001
1.0022318686052072,0.001
1.0000877017008798,0.001
0.999486175121034,0.001
0.9997935333626322,0.001
0.9999224661287788,0.001
1.0009582041441678,0.001
1.0006933504529707,0.001
1.0013850570151226,0.001
1.0012946374840028,0.001
1.0002085052165204,0.001
1.000291841645925,0.001
0.9981638981228919,0.001
0.9989106302354538,0.001
1.000666159876788,0.001
0.9978924182703284,0.001
1.0005951761352416,0.001
0.9999154326312178,0.001
0.9993326052937159,0.001
1.000849468368424,0.001
0.999895102859065,0.001
1.0000672210014252,0.001
1.000091775513971,0.001
0.9989892026395785,0.001
0.9998687325833475,0.001
0.9998662373524297,0.001
0.9998372827079159,0.001
0.999819860658799,0.001
0.9976316565483686,0.001
0.9992714810341498,0.001
1.0004994939391156,0.001
1.0006632632079622,0.001
0.9994409797312391,0.001
0.9985989895869525,0.001
0.9987672049016926,0.001
0.9984002165672913,0.001
0.9998574321316176,0.001
0.9992809889429416,0.001
1.0004826776919111,0.001
1.0001986558486917,0.001
1.0010552527115162,0.001
1.0012160887433257,0.001
1.00003343694854,0.001
0.9992502912822602,0.001
1.0017065995878207,0.001
0.9986186294224081,0.001
0.9992578624334448,0.001
1.0003447286706828,0.001
0.999453998500961,0.001
1.0012390186382185,0.001
1.0011339776313357,0.001
0.9985405374235675,0.001
1.0008110188357988,0.001
0.9995839555955299,0.001
0.9994889969750574,0.001
1.0013242990817317,0.001
0.9984918310310975,0.001
0.999929396631347,0.001
1.0013010817934118,0.001
1.000845023455661,0.001
1.0012796516544786,0.001
0.9996902997960239,0.001
1.0001363043293345,0.001
1.0017571389046949,0.001
0.9981060490621564,0.001
0.9995765006490225,0.001
1.0000635089993792,0.001
0.9993040673037112,0.001
1.0005834024431675,0.001
1.001687167582055,0.001
1.0009181542395043,0.001
0.9991413720627884,0.001
1.0006948385802739,0.001
0.9986299479411153,0.001
1.0007318942671937,0.001
0.9999674755830726,0.001
0.9993144300523367,0.001
0.9997836661100975,0.001
0.9999239811084518,0.001
1.0018310092153413,0.001
1.0021629677854087,0.001
1.0014155561281635,0.001
0.9997993447361186,0.001
0.9991166502161093,0.001
0.9999840533241745,0.001
1.000524772543355,0.001
0.999794043629706,0.001
0.9997079401030693,0.001
1.0005822023775672,0.001
0.9999343399014881,0.001
1.000579882300793,0.001
1.0002602305537431,0.001
0.9989340385032986,0.001
1.0010718110585002,0.001
1.0009199927540138,0.001
0.9988903507863499,0.001
0.999148578108931,0.001
0.9983076495525478,0.001
1.0009673369280125,0.001
0.99645537439071,0.001
0.9981339105693346,0.001
1.0011502946643265,0.001
0.9987561018561636,0.001
0.999591405147162,0.001
1.0005664189998948,0.001
0.9995813483800557,0.001
1.0011746944837112,0.001
1.000614547216589,0.001
1.0024678424087026,0.001
0.9992645692382713,0.001
0.9992818280867743,0.001
1.0003794422108512,0.001
1.000722194743221,0.001
0.997998296742469,0.001
0.999118519183093,0.001
0.9994758468310246,0.001
0.9983976991360785,0.001
1.0008306961518536,0.001
0.9985186056566295,0.001
0.9998750571082864,0.001
0.998733589916872,0.001
0.9997173834773501,0.001
0.9995648354952461,0.001
0.9982925987215476,0.001
0.9999552533248207,0.001
0.9990814179382068,0.001
1.0017912869238887,0.001
0.9999929724603187,0.001
0.9991486057950357,0.001
0.9992483939318814,0.001
0.999427702745297,0.001
1.0017786157526118,0.001
0.9990792799019546,0.001
0.999920155535662,0.001
1.0012987239936078,0.001
1.000224487563695,0.001
1.0008520306373854,0.001
1.0001413427807393,0.001
1.0004475324573472,0.001
0.9998211475628729,0.001
0.9999501039651751,0.001
1.001213235793026,0.001
1.0006071228887923,0.001
1.0028143377096972,0.001
0.999555072117529,0.001
0.9996299206304157,0.001
1.0019852918209118,0.001
0.9995490950681721,0.001
0.9993448040466506,0.001
0.9997309391025325,0.001
1.0000208556496755,0.001
1.0008846868147703,0.001
1.0015614184394945,0.001
1.0017254169282166,0.001
1.0002453061209116,0.001
1.0018143663617811,0.001
0.9999597285189561,0.001
0.9995178200145198,0.001
1.000514673815116,0.001
1.0026528251785813,0.001
1.0001610328372885,0.001
0.9995754436388963,0.001
1.0000711633000812,0.001
1.0022244909966054,0.001
0.998818604853254,0.001
0.9996435334089913,0.001
0.9991350677363765,0.001
1.0004267779958083,0.001
0.9992288566225688,0.001
1.0000735359766335,0.001
1.0007938202800792,0.001
1.000611607080147,0.001
1.0000520123838963,0.001
1.000917351751453,0.001
0.9988066937673918,0.001
1.0016599509505324,0.001
0.9982977772488699,0.001
1.0018758115451323,0.001
1.001619919175145,0.001
0.9998940812139601,0.001
1.00046171529988,0.001
1.0007861475787752,0.001
0.9994376827282477,0.001
0.9993541047006382,0.001
0.9982629342349206,0.001
0.9993881030100006,0.001
0.9997286941613729,0.001
0.999755858050336,0.001
0.9998772847510287,0.001
1.0006551404691126,0.001
0.9979787589072154,0.001
1.000333563882055,0.001
0.9992300394622589,0.001
1.0003626477644623,0.001
0.9984645253989222,0.001
0.9986728439102146,0.001
0.9984099619667531,0.001
1.0018367990517978,0.001
0.999202047877717,0.001
1.0003322983033498,0.001
0.9990496035671168,0.001
0.9988954882771249,0.001
0.9986069288329382,0.001
0.9999109283364991,0.001
0.9986714620260587,0.001
1.0004151908291121,0.001
1.0007219078861744,0.001
0.9996202195356761,0.001
1.0007745137459079,0.001
1.0026105360372177,0.001
0.9994467703993304,0.001
0.9997808388520502,0.001
0.9995683765922063,0.001
0.999932698932079,0.001
0.999515820484702,0.001
0.9995645293504261,0.001
0.9995470221692021,0.001
1.0004785449727756,0.001
0.9998230247592945,0.001
0.9997286633098001,0.001
0.9982173793642016,0.001
1.0004840277870914,0.001
1.0002900866924611,0.001
1.0000838300403865,0.001
0.9978070037664643,0.001
1.0003311213434876,0.001
0.9991743652882413,0.001
0.9976795807449267,0.001
0.9987979325297702,0.001
1.0000688392529717,0.001
0.9993972092652044,0.001
1.001040555296957,0.001
0.9988218107458829,0.001
0.9974793523284987,0.001
1.0014876929987584,0.001
0.9987486945394808,0.001
1.0003389411081,0.001
1.0007514466561986,0.001
1.0029098922277757,0.001
1.0006815830020532,0.001
0.9990625221202635,0.001
1.000816242198617,0.001
0.9999664768754609,0.001
1.0008884512480805,0.001
0.9995024734812001,0.001
1.0025031386083259,0.001
1.000014246557548,0.001
1.0012517080454524,0.001
0.9993670648952383,0.001
0.9995080458853055,0.001
1.00062724455776,0.001
0.9987339200851548,0.001
1.001338667565515,0.001
1.0013565351099858,0.001
0.9996397847313575,0.001
1.0016777184555063,0.001
0.9990253264411472,0.001
1.0015709040576026,0.001
1.0011458048038273,0.001
0.9998180668600213,0.001
1.000406260105718,0.001
0.9995328891373155,0.001
1.0002487708148171,0.001
0.9997456540778938,0.001
0.999547491129062,0.001
1.0019246101233357,0.001
1.000315571268622,0.001
0.9999706461281879,0.001
0.9991171798659747,0.001
1.0004565801333913,0.001
1.000044603362171,0.001
1.0000728310959435,0.001
0.9997794627169158,0.001
0.9991217275655601,0.001
1.0010181351208407,0.001
1.0007726219822388,0.001
1.001584771242068,0.001
0.9989872070329547,0.001
0.9997533450035221,0.001
0.998905478146577,0.001
0.9988490353203644,0.001
1.0008068198695779,0.001
0.9991320241239495,0.001
1.0002480162054075,0.001
1.0009601760019786,0.001
0.9991829192145096,0.001
1.001292337764458,0.001
0.9994677045918995,0.001
0.9992874293777791,0.001
0.9997932670705456,0.001
1.0007572012615218,0.001
0.9978271219949233,0.001
0.9986766289559705,0.001
1.0012285980370506,0.001
1.0001164605334403,0.001
1.0005832694348689,0.001
0.9998309627984778,0.001
0.9991864931006447,0.001
0.998944410601635,0.001
0.9987023224162312,0.001
1.0006040470037958,0.001
1.000338052120596,0.001
1.0001284688852705,0.001
1.0012883625173652,0.001
1.001006893001864,0.001
0.9993800068046123,0.001
0.999552693876093,0.001
1.0017441726510592,0.001
0.9989891082409881,0.001
0.9996946876161225,0.001
0.9998764838179219,0.001
0.9984270915074394,0.001
1.001637238480293,0.001
1.0004033971406594,0.001
0.9996222315309594,0.001
1.00072557571786,0.001
0.99994491983267,0.001
0.9998454316950235,0.001
1.0011447607603656,0.001
1.0002801841080564,0.001
0.9987096377629553,0.001
0.9988871909657089,0.001
1.0004993313840107,0.001
1.0001549880207254,0.001
0.9990722462114302,0.001
0.9991798394228627,0.001
1.0007505919149056,0.001
1.001575504579555,0.001
0.999718576026848,0.001
1.000427387261914,0.001
1.0009162065719117,0.001
1.0003262725927289,0.001
1.000990533253818,0.001
1.0004387165664537,0.001
0.9992486831096403,0.001
0.9987432518421036,0.001
1.0009022243917942,0.001
1.00010194495393,0.001
0.9991821745585233,0.001
1.0003849828562879,0.001
0.9992796121675626,0.001
0.9996257076308142,0.001
0.9996503965583237,0.001
1.0011532221588708,0.001
0.9992594245330687,0.001
0.9986857257355733,0.001
1.0002397664494627,0.001
0.9996205946896486,0.001
0.9984341783339313,0.001
0.9997405027990637,0.001
0.99822010896119,0.001
0.997435276028011,0.001
1.0018212635409431,0.001
1.0000873465802347,0.001
1.0005014008644295,0.001
0.9995984129083523,0.001
1.001611374859053,0.001
0.9995554361081915,0.001
0.9995188732811058,0.001
1.0003929075181268,0.001
1.0001618789264364,0.001
0.9988867124521796,0.001
0.9996055482830171,0.001
1.0012552265204753,0.001
1.0001220907140331,0.001
1.0013709065876015,0.001
0.9982301521026471,0.001
1.0001726504321584,0.001
0.9994876467018364,0.001
1.0001781795575744,0.001
0.9995845797484809,0.001
0.999893956536108,0.001
0.9987238982689235,0.001
1.000355710072259,0.001
1.0001791890092144,0.001
1.001098158438025,0.001
0.999398506987366,0.001
1.0014017064236458,0.001
1.0002764804063404,0.001
1.000537752595139,0.001
1.000537132839481,0.001
1.0028925532616277,0.001
1.0003278263534332,0.001
0.9992351824942899,0.001
0.9978700998903516,0.001
0.9988617690926145,0.001
1.0010373145594984,0.001
1.0011633869591436,0.001
0.9998090294672922,0.001
0.9991335213052758,0.001
1.0000779115113372,0.001
0.9994672671648117,0.001
0.998672534518944,0.001
0.9988669880890912,0.001
1.0011958256971405,0.001
1.0007567973044498,0.001
0.9997708611326942,0.001
1.0002382755324521,0.001
1.0010512934060443,0.001
0.9989943518693157,0.001
1.0011710878959739,0.001
0.9990506508024579,0.001
1.0028968241646663,0.001
0.9995531667505537,0.001
1.0004738640974324,0.001
0.9984338322339249,0.001
0.999607382231665,0.001
0.9998666727846223,0.001
0.999636852530257,0.001
1.001251237199818,0.001
1.0007876597867806,0.001
0.9984852807945308,0.001
1.00036588482558,0.001
0.9984979788736021,0.001
0.9992370309103403,0.001
0.9990776491210789,0.001
0.9995985363854208,0.001
0.9997310241914472,0.001
0.9995876352077325,0.001
1.0003920485497302,0.001
1.0010429848321307,0.001
0.998804965411991,0.001
0.9978023859292154,0.001
1.0012071394634943,0.001
1.0004317985073476,0.001
1.0002312997918126,0.001
0.9993299692811725,0.001
1.0015533547664328,0.001
1.001805508394445,0.001
0.999910121033735,0.001
1.0004814085709572,0.001
0.9985645338377827,0.001
0.9993808521406715,0.001
1.000013206515422,0.001
0.9998607672533542,0.001
1.0000522834519097,0.001
0.9990696195807539,0.001
0.999381201344092,0.001
1.0006873635293454,0.001
1.00001373831523,0.001
1.0025999338737854,0.001
1.0004331801936175,0.001
0.9999306797290739,0.001
0.9997183647445446,0.001
0.9989517268400401,0.001
1.001427451544073,0.001
1.0005598309186523,0.001
0.9996493400852534,0.001
1.001048701345881,0.001
0.9994578090788192,0.001
1.0002396601753658,0.001
0.9991076125203127,0.001
1.000182755280621,0.001
0.9998788842360113,0.001
0.9998729080854117,0.001
0.9995001030381245,0.001
1.0001005229160285,0.001
1.000040985267804,0.001
1.0012878745293317,0.001
0.9984821882851012,0.001
1.001099988946071,0.001
1.000248909334557,0.001
0.9996380661991898,0.001
0.9990619751037154,0.001
0.998225281402475,0.001
1.0006308425331365,0.001
0.9997370776594516,0.001
0.9989440551942602,0.001
1.0007431267241647,0.001
0.9996836947566358,0.001
0.998538657857933,0.001
0.9989650367104662,0.001
0.9992230797719023,0.001
0.9988195615040376,0.001
0.9999762054739845,0.001
0.9994149504982601,0.001
0.9998721931480677,0.001
0.9989677493107837,0.001
0.9988196109245949,0.001
0.999756940748551,0.001
0.9997553646267227,0.001
1.000033336740763,0.001
0.999411934997055,0.001
0.9999576659613418,0.001
0.9998802918429892,0.001
1.0000406462763731,0.001
1.0004588638122516,0.001
0.999669090409916,0.001
1.0016548442838007,0.001
1.0023656429097048,0.001
0.9994784323503817,0.001
1.0017897055270668,0.001
1.0009197847179236,0.001
1.0015973426926754,0.001
0.9993889459327471,0.001
0.9991583766309503,0.001
1.0002480809814729,0.001
0.9984172783979692,0.001
0.999488269510699,0.001
0.9998305485507707,0.001
0.9997787573654074,0.001
1.0017891790172437,0.001
0.9988906158357449,0.001
1.0007662549869076,0.001
0.9997112950364543,0.001
1.0003082545159085,0.001
1.001121514485184,0.001
1.0008541068276298,0.001
1.0001954983768524,0.001
1.0004589293627788,0.001
0.9994378597531358,0.001
0.999159254208298,0.001
0.9998085024397131,0.001
0.9985131319350177,0.001
1.000261358205908,0.001
1.0001034713420127,0.001
1.0005898911222757,0.001
1.0012260253197864,0.001
1.0004545831031522,0.001
0.9987223685461394,0.001
0.9996556022187595,0.001
1.0005611281640439,0.001
0.9999656226684737,0.001
0.9984951024488019,0.001
0.9999154991449921,0.001
1.0012304182890137,0.001
0.9995712297454545,0.001
0.9995224534625404,0.001
1.0009768877820848,0.001
0.9986855907266797,0.001
1.001623799360894,0.001
0.9990968375974604,0.001
1.0007144340513838,0.001
0.9999075987540901,0.001
0.9989743439175125,0.001
1.0004687045816976,0.001
1.000352510698009,0.001
0.9990629091514566,0.001
1.0011960673624305,0.001
0.9988451542789413,0.001
1.0008300658759548,0.001
1.0005980513396262,0.001
1.0004998019287,0.001
1.0013199552923457,0.001
1.0005613152508923,0.001
1.0010146412381298,0.001
1.0000033817881373,0.001
0.9990447347520178,0.001
0.9989706615144949,0.001
1.0008720556692179,0.001
1.000726567203575,0.001
1.0002065904164161,0.001
0.9995475098018076,0.001
0.9984948441705674,0.001
0.9994148255355743,0.001
1.0003708632342447,0.001
1.000794716523546,0.001
0.9988001655679573,0.001
0.9984369949260211,0.001
1.0002994997233394,0.001
0.998151668598376,0.001
1.0008283870953376,0.001
0.9995862885376895,0.001
1.0000102503302069,0.001
0.9992897622592355,0.001
0.9993036482207678,0.001
0.9999231297051084,0.001
0.9980284416800118,0.001
1.0003661636095627,0.001
1.000343905325784,0.001
0.9994244843855943,0.001
1.0005643733438103,0.001
0.9996891055075332,0.001
0.9992775804113843,0.001
0.9991927941913633,0.001
0.9997502053188937,0.001
1.00191969128696,0.001
1.000432410542604,0.001
0.9984536252443379,0.001
1.000474955429421,0.001
1.0005922764468909,0.001
1.0006335857701492,0.001
1.0016735928846754,0.001
1.0022129040578656,0.001
0.999730604844158,0.001
1.0002620614121254,0.001
1.0007138897690846,0.001
0.9999084873531493,0.001
0.9990902383999906,0.001
0.9996466960603819,0.001
0.9993560286277755,0.001
0.9999584170980078,0.001
0.9999786516651578,0.001
1.0007889020872902,0.001
0.9994465370792612,0.001
0.9989790302760377,0.001
1.0000191299523815,0.001
0.999073909677692,0.001
1.00111206765277,0.001
1.0011270146441684,0.001
0.9999232980349108,0.001
0.9994496247339866,0.001
1.0005388699377507,0.001
0.9989820823550745,0.001
0.9991230693459288,0.001
0.9976275659257164,0.001
0.9979804557954296,0.001
1.0015240011309539,0.001
0.9994593707843856,0.001
0.999956625478389,0.001
1.000523347926958,0.001
1.0001738434860505,0.001
0.997499320686484,0.001
1.0008147493361088,0.001
0.9985747655941898,0.001
1.0007907688217117,0.001
1.0005056649200859,0.001
0.9990807141899452,0.001
0.9997946024637159,0.001
0.9990407160199942,0.001
0.9999829958749243,0.001
0.9992073985639145,0.001
0.9998162734124953,0.001
1.0018391529397395,0.001
1.0016200783390603,0.001
0.9988164205796232,0.001
0.9993511540307669,0.001
1.00041937534116,0.001
1.0002837903766422,0.001
1.0008882204807403,0.001
0.9995759476744822,0.001
1.0001046683766208,0.001
1.0011878395228508,0.001
1.0021914463213242,0.001
0.9996135896134716,0.001
1.0029460368040135,0.001
0.9998718596033903,0.001
1.00114333337174,0.001
0.9999156570011776,0.001
0.9998102435997338,0.001
0.9989867637120027,0.001
1.0011186372832674,0.001
0.9991530586276318,0.001
0.9997546795319702,0.001
0.9993552922215677,0.001
1.000889905197885,0.001
0.9989551417413554,0.001
0.9999077728173581,0.001
1.0002365625477116,0.001
0.9987635288851163,0.001
1.0004423434690952,0.001
0.9997298769334686,0.001
0.9987942725215495,0.001
1.0002857281428779,0.001
0.9999506926548262,0.001
1.000488117643731,0.001
0.9999742460211126,0.001
1.0002308950299397,0.001
0.9990820813932731,0.001
0.9994652633584353,0.001
1.0007924753208957,0.001
1.0001114029035894,0.001
1.0019850823682,0.001
0.998711133487668,0.001
0.9996588997904464,0.001
0.9988164704327007,0.001
1.0012293083615473,0.001
1.0001696660755637,0.001
1.0001860600695174,0.001
0.9997684727731339,0.001
1.0004354192377698,0.001
0.9999139963875242,0.001
0.9994387012621043,0.001
1.0008358073719776,0.001
1.0015263888326393,0.001
1.0001554068183305,0.001
0.9987394337657353,0.001
1.000308565625136,0.001
1.0000027883215055,0.001
0.9990540733616208,0.001
1.0004360621017327,0.001
1.0008578329831588,0.001
1.0005079902849248,0.001
1.0010272558804882,0.001
1.0018516446911756,0.001
0.9991840122646087,0.001
1.0010085721870348,0.001
0.9985793567252244,0.001
0.9999428166204831,0.001
0.9992831162205824,0.001
1.001030631573381,0.001
0.9994778417186839,0.001
0.9994452708423565,0.001
0.9988632685036564,0.001
0.9988423712186064,0.001
1.0008316218353979,0.001
0.9995609635690275,0.001
1.0002370801985923,0.001
1.0013112907547959,0.001
0.9992611277125582,0.001
0.9991178142437133,0.001
1.0000370600001236,0.001
1.0015134739173808,0.001
1.0018694795149035,0.001
1.0006327462895794,0.001
0.9982427957480344,0.001
0.9997888965165919,0.001
1.0002573608901275,0.001
0.9983832953963593,0.001
1.0013068428239762,0.001
1.0002297894452383,0.001
1.0010536581124274,0.001
0.9995287693206288,0.001
0.9990663903816276,0.001
0.9997914460881336,0.001
0.9991154360297262,0.001
1.0004858934765657,0.001
1.0001934701677102,0.001
1.0015617865709283,0.001
1.0002380573726959,0.001
0.9996905164872584,0.001
0.9988378298529322,0.001
0.9999717739674853,0.001
0.9995826330532434,0.001
1.0003604284624459,0.001
1.0008461968975673,0.001
1.001290123717876,0.001
0.9977447039236411,0.001
0.9997326025354297,0.001
1.0002421921028077,0.001
1.000840030345195,0.001
1.0007791523613376,0.001
0.999593905384467,0.001
1.0029906846251138,0.001
0.9988445106282325,0.001
0.9994619381752032,0.001
1.000945374260843,0.001
0.9997041943494664,0.001
1.0001271150304607,0.001
0.9988330018660373,0.001
1.0002959576623716,0.001
1.0003611263073067,0.001
0.9985290256934993,0.001
0.9997104628817252,0.001
0.9979437800670724,0.001
0.9989253306745425,0.001
0.999253246622658,0.001
1.000298450942358,0.001
1.0012765116692746,0.001
0.9996579735855583,0.001
0.9995894194386886,0.001
0.9992396044449493,0.001
1.0013703379014607,0.001
1.0008205402254036,0.001
1.0006050861375413,0.001
0.9993611975925094,0.001
1.0011652465343683,0.001
1.0015054889313784,0.001
0.9988796936800081,0.001
1.0013087045493996,0.001
0.9999365210189828,0.001
1.000162716731236,0.001
1.000272638850279,0.001
1.0007807402631907,0.001
0.9989617152174273,0.001
0.9977570596345293,0.001
0.9989496370300249,0.001
0.9999881185557431,0.001
0.9984675605144381,0.001
1.0000743678088404,0.001
1.0003039013802904,0.001
1.0014075167337428,0.001
0.9994986873816825,0.001
0.9998776114533916,0.001
1.0009467235054064,0.001
1.0003648012223494,0.001
0.9999601270834281,0.001
1.000224348716937,0.001
0.9990600365229036,0.001
0.9973170194360544,0.001
0.9997235846690994,0.001
0.9981743651267247,0.001
0.9997878040091626,0.001
1.00164998402076,0.001
1.0003861583492288,0.001
0.9996577397394387,0.001
0.9998822559987492,0.001
1.0005743993368135,0.001
1.0018682374423338,0.001
0.9991311965844192,0.001
0.9999471260435562,0.001
0.9984486201131849,0.001
1.000475257069467,0.001
1.001133258798233,0.001
1.0007592397599823,0.001
0.9990497616487541,0.001
0.9996878964903383,0.001
0.9996896172708033,0.001
0.9998404507775028,0.001
1.0009690104700704,0.001
0.9995535561800705,0.001
0.9988691587193432,0.001
0.9999055012013436,0.001
0.9993482002856248,0.001
0.9988367465877752,0.001
1.0011868492481404,0.001
1.00155966140097,0.001
1.0005996872669465,0.001
1.0013292008180967,0.001
1.0025652523694435,0.001
1.00032609838808,0.001
1.0000477659080653,0.001
0.9994295868244382,0.001
0.9998398283861122,0.001
0.9995925075204988,0.001
0.9993932811994938,0.001
1.0003985383926086,0.001
1.0014109417439523,0.001
1.000521745091662,0.001
0.9992922069616036,0.001
1.0010741697232795,0.001
1.0008202343786543,0.001
0.998469195088894,0.001
1.001221223883977,0.001
1.0006679466732005,0.001
1.0002063592650292,0.001
1.0001880512002623,0.001
1.0004123517129644,0.001
0.9996009229439587,0.001
0.9999478548950009,0.001
0.9986782762450107,0.001
1.0012485945449814,0.001
1.0014049743967945,0.001
0.9990456278930893,0.001
1.0007057947495717,0.001
1.0000359567595112,0.001
0.9994895756448064,0.001
0.999531360113337,0.001
0.9987711681745399,0.001
0.9994832627000536,0.001
1.0013166013246688,0.001
1.001351398852272,0.001
1.0003098040057505,0.001
1.0002728562802607,0.001
1.0002987205334561,0.001
1.0000040371389551,0.001
1.0002400293151732,0.001
1.001064000427148,0.001
1.0009026157110725,0.001
0.9996462593378909,0.001
0.9993138873919264,0.001
1.0006995840689807,0.001
0.9996417361267598,0.001
0.99666879063065,0.001
0.999393141827762,0.001
1.0005720650732548,0.001
1.0013006052556086,0.001
1.0003791805946491,0.001
1.0003011510109658,0.001
0.9979788482239086,0.001
0.9993233168147974,0.001
1.0013376369845324,0.001
1.001458006351265,0.001
1.0000510694297338,0.001
1.0006458327872343,0.001
1.0012050283811689,0.001
0.9998935093856839,0.001
1.0001063716011938,0.001
1.0008317323260179,0.001
1.000593232810038,0.001
0.9998501266284072,0.001
1.0009519427170543,0.001
0.9997514610595609,0.001
1.0001890426869782,0.001
0.999772382701616,0.001
1.0004295858902494,0.001
1.000916051426828,0.001
1.0002514808397986,0.001
1.0002480326931145,0.001
0.9994544321859344,0.001
0.9996504929341771,0.001
0.9999190551074977,0.001
0.999722052201275,0.001
1.0004042092579442,0.001
0.9992447839328451,0.001
0.9997392687597946,0.001
1.0007244463948772,0.001
0.999788264645238,0.001
1.0006787965672126,0.001
0.9998200727773842,0.001
0.9993093621533814,0.001
0.99998056698816,0.001
0.9996497281691095,0.001
0.9995634779396606,0.001
0.9989460639004436,0.001
1.0009304797803207,0.001
1.0002132434461894,0.001
0.9993926271354484,0.001
1.0004871968179303,0.001
0.9991782800916494,0.001
1.0005249854467677,0.001
0.9999664749105324,0.001
0.9996330858999103,0.001
0.9994273100124771,0.001
1.0000799386265773,0.001
0.9986415385390062,0.001
1.0009941645145701,0.001
1.0000098598170177,0.001
0.9985210060183485,0.001
0.9991948090931447,0.001
0.9998644587693463,0.001
1.0012625401483326,0.001
0.9997780559516013,0.001
0.9968196341674467,0.001
0.9993913509329704,0.001
1.0003567138223002,0.001
1.0003559196197496,0.001
0.9996683024442004,0.001
0.9994126559083067,0.001
1.0005635418810712,0.001
0.9988685316009062,0.001
1.0001446894376889,0.001
0.9988342200250507,0.001
1.0007408822520125,0.001
0.9994136574537955,0.001
1.0019884763638467,0.001
0.9986944318223033,0.001
1.0006190712334777,0.001
1.0005091442810097,0.001
0.998319661248124,0.001
0.9994062348286559,0.001
1.0002243613786064,0.001
1.000816856046393,0.001
1.0009089599773169,0.001
1.001042106320321,0.001
0.998558275942893,0.001
1.0001269308888983,0.001
1.0000364104236614,0.001
0.9998469554897333,0.001
1.000102267267906,0.001
0.9991137183392829,0.001
1.001544865282576,0.001
1.0009967102840513,0.001
0.9992524547158096,0.001
1.0009634857031735,0.001
1.0006892646458643,0.001
1.0009029559881084,0.001
0.9985843488290285,0.001
0.9991633951964896,0.001
1.0011270131108114,0.001
1.0008335438356586,0.001
1.0007805017891962,0.001
1.0007928783728757,0.001
0.9994905769742632,0.001
1.0012689940449186,0.001
0.9993152559326443,0.001
0.9983623737168242,0.001
1.0009975575590195,0.001
0.9993459817576743,0.001
0.9986944904251625,0.001
1.000529916059206,0.001
0.9995815352490098,0.001
0.9997345505313323,0.001
1.001147922892392,0.001
1.001334114261141,0.001
1.0003286037299202,0.001
0.9999711053886888,0.001
0.999370514542634,0.001
1.0006005093421018,0.001
0.9998752476947823,0.001
0.9983593940061118,0.001
0.99813484112288,0.001
1.0024514435443332,0.001
0.9992908318819558,0.001
0.998247534290793,0.001
1.0012981467914421,0.001
1.0003357837887146,0.001
0.9998559311434909,0.001
1.0007576721413542,0.001
0.9984360210276946,0.001
0.9993447219296203,0.001
0.9997719196803125,0.001
1.0008527665533269,0.001
0.9989845234806847,0.001
1.0002685609419864,0.001
0.9987900778282128,0.001
0.9995207230928609,0.001
1.0002749901345396,0.001
0.9997298502981324,0.001
1.001612645878596,0.001
0.9991095637108524,0.001
0.9990719025721913,0.001
0.9978010593397458,0.001
1.0015099015648954,0.001
0.9988371987481054,0.001
1.0003838627795583,0.001
0.99956867919869,0.001
0.9995581013010436,0.001
1.0005382188837995,0.001
0.9991689079663018,0.001
1.0004374402574727,0.001
0.999736978365881,0.001
0.9999792903475294,0.001
1.0004468454334097,0.001
0.9999812847041151,0.001
0.9983183754773755,0.001
0.999381098007107,0.001
0.9970246810917648,0.001
1.0022397305002986,0.001
1.001280477278767,0.001
0.9983432647800922,0.001
1.0006537669397286,0.001
0.9989348602077118,0.001
1.0016141301975006,0.001
0.9996706514183832,0.001
1.0001055962563672,0.001
0.9994643000310997,0.001
1.0002446805624032,0.001
1.0000306264522554,0.001
1.0004421045274623,0.001
1.0001110061761156,0.001
1.0006181301357377,0.001
0.998864340179304,0.001
1.0018524621169804,0.001
1.0006444011162818,0.001
0.998834245339524,0.001
0.9998749689017499,0.001
1.0004272568930963,0.001
1.000814699797086,0.001
0.999235951610862,0.001
0.9996745716431586,0.001
1.0003740277091233,0.001
0.9998151539087952,0.001
1.0006982465838228,0.001
0.9988555900001594,0.001
1.0003311426508572,0.001
0.9993272101052929,0.001
1.0021394563412462,0.001
1.0000772963431022,0.001
0.9993640278765181,0.001
1.0019100600458655,0.001
0.9998570104001434,0.001
1.0007397926452122,0.001
1.0008065895088036,0.001
0.9987608871117905,0.001
1.0005523106341911,0.001
1.0024685233339004,0.001
0.9998349405182042,0.001
1.0014144307152155,0.001
1.00027714919988,0.001
1.001286390957014,0.001
1.001785293881832,0.001
0.9987772099906562,0.001
0.9990087749066486,0.001
0.9995725725760238,0.001
1.0003995446831933,0.001
0.9991531911287901,0.001
1.0003673471434484,0.001
1.000783255997148,0.001
0.9998991902818717,0.001
1.0013725400573914,0.001
0.9991826956242531,0.001
1.0015193566094305,0.001
0.998416287035424,0.001
1.0000249764823217,0.001
1.0010021947752608,0.001
1.0001585727737148,0.001
0.999562726318928,0.001
0.9994302892039023,0.001
0.9988856718242204,0.001
1.0007692453771457,0.001
1.0015007293789395,0.001
0.9999516577148485,0.001
0.9979822959312917,0.001
1.00075304910862,0.001
1.0016746343827436,0.001
1.0001219054161399,0.001
1.0000968131924044,0.001
0.9990755496608458,0.001
0.9998855457500817,0.001
1.00097542507194,0.001
0.9985749206005794,0.001
1.0002056482819288,0.001
1.0000551167820302,0.001
0.9992356917223262,0.001
1.0014866662587265,0.001
1.0005399256747738,0.001
0.9996856741484138,0.001
1.0002040467835953,0.001
0.9999607675823973,0.001
1.0020843555707573,0.001
1.0016632167589448,0.001
1.0008288678991089,0.001
1.0022556884710252,0.001
1.0005601601301217,0.001
1.0006893331844489,0.001
1.0001918805131513,0.001
1.0003287122253794,0.001
0.9993176104205107,0.001
1.0012180578005643,0.001
0.9997022700549537,0.001
1.0013760309394446,0.001
0.9989622655609515,0.001
0.998622720791039,0.001
1.0019740928605478,0.001
1.0002068617901696,0.001
0.9970561564471345,0.001
1.0014500846110184,0.001
1.0003684050850121,0.001
1.00089311816101,0.001
0.9972621314867836,0.001
0.9998941960723786,0.001
1.0007332529711384,0.001
0.9988333326724151,0.001
1.0012384436126038,0.001
0.9995420146375893,0.001
0.9998388224121953,0.001
0.9997342978874394,0.001
0.9997525289733952,0.001
0.998488519781052,0.001
1.0003556035023442,0.001
0.9997732395293464,0.001
1.0004056601203066,0.001
1.000718890280296,0.001
0.9996489607496358,0.001
1.0002871070968185,0.001
0.9984540308786755,0.001
1.000709788135782,0.001
0.9995387279452916,0.001
1.0005798918114648,0.001
1.0007598474345043,0.001
1.0015504260701236,0.001
1.00132261262606,0.001
1.0013496709317247,0.001
1.0005025148627416,0.001
0.9990434732790832,0.001
0.9999977748671552,0.001
1.0000416636184672,0.001
0.9991148804861902,0.001
0.998676640165404,0.001
1.000917093355323,0.001
1.0008634650968542,0.001
1.0000080760831345,0.001
1.0001109586021606,0.001
0.9997394677312978,0.001
0.9999934415739269,0.001
1.001105415443664,0.001
0.9990794950454596,0.001
1.0003436876178315,0.001
1.0001026947700549,0.001
1.0007491900814018,0.001
1.000379301703621,0.001
0.9977074962182992,0.001
0.9997116126915069,0.001
1.0013143507164703,0.001
1.000006117106187,0.001
0.9999583092850866,0.001
0.999976015470253,0.001
1.001277717019595,0.001
0.999960127696802,0.001
1.0013290210476529,0.001
0.9991252170284243,0.001
0.9988522769274418,0.001
1.0016541785433686,0.001
0.9999959911179773,0.001
0.999017629753085,0.001
1.0005520995344106,0.001
0.9992130950708731,0.001
1.0002117595991058,0.001
1.0003771427353914,0.001
1.0013960866639686,0.001
0.9997618141674928,0.001
1.000639771968271,0.001
0.9994909647519616,0.001
0.9988616242370553,0.001
0.9994170290286054,0.001
0.9993180236599691,0.001
0.9985768275074237,0.001
0.999386265902389,0.001
1.001171098881047,0.001
0.9991393572442567,0.001
1.0002555618360958,0.001
1.0002076682002852,0.001
1.0005789641189804,0.001
0.9984678862524539,0.001
0.9997380810030579,0.001
1.0013105030692204,0.001
0.9996579307194514,0.001
1.0003901774514987,0.001
1.0012920385790498,0.001
0.9988094070734458,0.001
0.9999865924439706,0.001
1.0005060514783533,0.001
1.0020808880047114,0.001
0.9993803412007373,0.001
0.9992967718785154,0.001
1.0002862753791226,0.001
1.000947469372384,0.001
1.0013922160071855,0.001
0.99914093143215,0.001
1.0014851169873686,0.001
1.0006070143677164,0.001
0.9993992494713283,0.001
1.0003054418884116,0.001
1.0014139960161834,0.001
1.0002872457664216,0.001
0.9999040164669132,0.001
0.9993151027968012,0.001
0.9986494289242298,0.001
1.0000846175628595,0.001
1.0018802120560588,0.001
0.9998356046485424,0.001
1.0015567400889518,0.001
0.9982552661457424,0.001
1.000283360804858,0.001
0.9996327132991322,0.001
0.999315592610487,0.001
1.0009106612610044,0.001
0.9995741480224065,0.001
0.9988601305717121,0.001
1.0024226932743887,0.001
1.0012325005554275,0.001
1.0014228599759416,0.001
0.999713229673236,0.001
1.0007382209504254,0.001
1.0002255448727702,0.001
0.9998067605340581,0.001
1.0006178864405653,0.001
0.9972557024183272,0.001
0.9995800382489661,0.001
0.9991879206800433,0.001
1.0006336903146749,0.001
0.9979054447870055,0.001
0.9996744557491553,0.001
0.9992763469009605,0.001
1.001823138895322,0.001
1.0007601665045935,0.001
1.0025828517182391,0.001
0.9988527092823838,0.001
1.000860330910236,0.001
1.0011072951123905,0.001
1.0004949860165941,0.001
1.0001716887540884,0.001
0.9999905863834534,0.001
0.9980979587264733,0.001
1.0004433718253,0.001
1.0013735571478273,0.001
0.9999468837280633,0.001
1.0001975778053307,0.001
0.9985562490650687,0.001
0.9999747914483176,0.001
0.9978256441942635,0.001
1.0003826250859476,0.001
0.9984243632752988,0.001
0.9995403281025173,0.001
0.9994818710342862,0.001
1.0003447129177672,0.001
0.998261375025994,0.001
0.9994716788881451,0.001
1.0002127291206253,0.001
1.0003082695580248,0.001
0.9994955556604487,0.001
0.999309221540372,0.001
1.0001924888178375,0.001
1.000431302593351,0.001
0.9998411050604203,0.001
1.0000342604680066,0.001
0.9997432275233694,0.001
0.9990418217400191,0.001
1.0014828308721975,0.001
0.9993372887766403,0.001
1.0009432616524345,0.001
1.0011649699535876,0.001
1.000471858896705,0.001
0.9985708106449913,0.001
1.0005204303919317,0.001
0.999792476229877,0.001
1.0020621623787171,0.001
1.0006238666978646,0.001
1.0017016087446649,0.001
0.9980401252041066,0.001
0.9994440152813002,0.001
0.9998687164851564,0.001
1.0011992298782435,0.001
1.0014116663010868,0.001
0.9993378148337304,0.001
0.9997749105927443,0.001
1.0011729755487337,0.001
0.9991338345403891,0.001
0.9986261927090672,0.001
0.9996879369036593,0.001
1.0004964611417029,0.001
0.9996695098223141,0.001
1.0002661414349008,0.001
0.9980306050527981,0.001
0.9987890507725327,0.001
0.9991771719476412,0.001
0.9982215153812827,0.001
0.9993168424388829,0.001
0.9999500633606121,0.001
1.001149213692551,0.001
1.0013011374874539,0.001
0.9987320860845074,0.001
1.0012594542836633,0.001
0.997839605809336,0.001
0.9982087339759638,0.001
1.0000617411942672,0.001
1.0007004231682033,0.001
0.9986956143708307,0.001
1.0019862001710742,0.001
0.999680127995314,0.001
1.0007314935103861,0.001
1.0010263040098284,0.001
1.0014355905309698,0.001
0.999936934648793,0.001
0.9991894861372439,0.001
0.9990583520262349,0.001
1.0003107786520717,0.001
0.9990535528784619,0.001
1.0006820742082878,0.001
0.9997488007225935,0.001
0.9992720792647048,0.001
0.9993361106242696,0.001
1.0004245963503158,0.001
1.001016725386668,0.001
1.000241202459726,0.001
0.9987256762732158,0.001
0.9982853138849654,0.001
0.9986178780599078,0.001
1.000059922450287,0.001
1.0007040722735425,0.001
0.9995521936952515,0.001
0.9999113894528454,0.001
1.000875047700029,0.001
1.0002651807278256,0.001
1.0012398989556348,0.001
1.0001862039346636,0.001
0.9992802640982279,0.001
0.9994182226466424,0.001
0.999946662695432,0.001
1.0005684540413897,0.001
0.9990308002465236,0.001
1.0017704870928827,0.001
1.0018434772808258,0.001
1.0013542356979275,0.001
0.9981968852509354,0.001
0.9986718844970034,0.001
0.9989163355849389,0.001
0.9996764057104198,0.001
1.0000487325423948,0.001
1.00081425724066,0.001
1.0022745829422328,0.001
1.002177531997006,0.001
1.0009014145156174,0.001
0.9986635135082899,0.001
0.999493315605536,0.001
0.9997412956204186,0.001
1.0016757338654563,0.001
0.9991955686893395,0.001
1.0012126937057693,0.001
1.0007900450636786,0.001
1.000293653056137,0.001
0.9994115382149829,0.001
1.0012523117039762,0.001
0.9999106463442459,0.001
1.0006353885073334,0.001
1.0026379175403548,0.001
0.999722124336563,0.001
0.9991774923008604,0.001
0.9997614246134104,0.001
0.9993083608225969,0.001
0.998913201559081,0.001
1.000816315576159,0.001
1.001201033940559,0.001
0.9992164422113801,0.001
0.9997514852168451,0.001
0.9998738967622565,0.001
1.00053844801229,0.001
1.0017020878000145,0.001
1.0000247174858394,0.001
0.9989000641700712,0.001
1.0007330061902697,0.001
1.0020896261646586,0.001
0.9988348012795756,0.001
1.0001479997361615,0.001
1.0001068736848866,0.001
1.0012534090336593,0.001
0.9987213712140329,0.001
0.999510360577195,0.001
1.001131388079538,0.001
0.999921584897781,0.001
0.9994292382405989,0.001
0.9996604143638561,0.001
1.0019531066299565,0.001
0.9994976154497325,0.001
0.9989101139292907,0.001
1.0007094132671177,0.001
1.0004180449864828,0.001
0.999021690213758,0.001
0.9997082910447598,0.001
0.999614955786137,0.001
0.9998590845372309,0.001
1.0000841205039506,0.001
1.000363667780034,0.001
0.9993206692404116,0.001
0.9997868035754621,0.001
0.9994799699662376,0.001
1.0002218916377044,0.001
1.0007435134696752,0.001
1.0003600964435946,0.001
1.0002372165940772,0.001
0.9995772638092373,0.001
1.0012882035075186,0.001
0.9993163597549662,0.001
1.0011025844146058,0.001
1.0001726884834883,0.001
0.999632631605862,0.001
0.9993235495754715,0.001
0.9973212730700795,0.001
1.0011210507057002,0.001
0.9985377016026238,0.001
1.0014968826499506,0.001
0.9999495618792478,0.001
1.0018954830814197,0.001
1.000299952662965,0.001
0.9983201931367687,0.001
0.9994995365072405,0.001
0.9987053320854216,0.001
1.0007488942393752,0.001
0.999072892256461,0.001
1.0016490711729813,0.001
1.0010786324407683,0.001
0.9997319360418615,0.001
0.9988501084341983,0.001
0.9994761682398993,0.001
1.000496152772361,0.001
1.0015567133787202,0.001
0.9992283427401624,0.001
1.0007351974209058,0.001
0.999794626064912,0.001
0.998124029094315,0.001
1.0002182425753614,0.001
1.000370740344307,0.001
0.9982455403095084,0.001
1.0005914659900383,0.001
1.0015157336944978,0.001
0.999386363543143,0.001
1.0007836845206382,0.001
1.0003888809449752,0.001
1.000324923584716,0.001
0.9994033772973071,0.001
0.9993501952440029,0.001
1.0005208334514513,0.001
1.0017638215664186,0.001
0.9996736511775246,0.001
1.000748741079105,0.001
0.9995850936250974,0.001
0.9980816256138423,0.001
0.9989695670444839,0.001
0.998637651515728,0.001
0.9988060422516918,0.001
0.9991581764857541,0.001
0.9988530005835013,0.001
1.0011189902157631,0.001
1.0006860601351224,0.001
0.999935585915075,0.001
0.9993143285024211,0.001
1.0008699744576062,0.001
1.00027855710022,0.001
0.9989830900772229,0.001
0.9991194953163579,0.001
0.9995911690202709,0.001
0.999987154216368,0.001
0.998760456829299,0.001
0.9989294702009023,0.001
1.0001634857124306,0.001
1.0009066514161273,0.001
0.9988129908533651,0.001
1.001119954260905,0.001
0.9992982935052155,0.001
0.9999212797742622,0.001
1.000192926944539,0.001
0.9991437268048002,0.001
0.9995168757785349,0.001
0.9990443227941295,0.001
1.0002288150947964,0.001
1.0005083501976035,0.001
0.9998919016555825,0.001
1.0001036713287306,0.001
0.9998016855900053,0.001
0.999806212136163,0.001
0.9971638498671167,0.001
0.9997734157201277,0.001
1.001605096169629,0.001
1.0008298245358354,0.001
1.0004667032516419,0.001
0.9997489193102874,0.001
0.9997217549277059,0.001
1.000105621513431,0.001
0.9984172792944591,0.001
1.001578225333871,0.001
0.9994760644779717,0.001
0.9992521837787295,0.001
0.9980677001794495,0.001
1.0004292063548392,0.001
1.0006036930670863,0.001
1.0000994943635153,0.001
0.9994177157888177,0.001
1.0002649707423013,0.001
0.999203932751824,0.001
0.9994115318236797,0.001
0.9996279353152274,0.001
0.9981935501170407,0.001
0.9999943927895836,0.001
1.0002214248797154,0.001
0.999654251494577,0.001
0.9990503627147729,0.001
1.0005203388165733,0.001
1.0011710030423495,0.001
1.0004082007333166,0.001
1.0007458931625814,0.001
1.0002208987068886,0.001
0.9981867925911345,0.001
1.0017406511850513,0.001
1.000990959550629,0.001
0.9986199990048619,0.001
1.000221994884506,0.001
1.0008056217401209,0.001
0.9999428637981191,0.001
0.9977651106636118,0.001
1.0011473359068,0.001
0.9991140898794576,0.001
1.0009115262028894,0.001
1.0003936280032026,0.001
1.00157909528875,0.001
1.000274380906201,0.001
0.9999880447577664,0.001
0.9980865451298596,0.001
1.0009072728620172,0.001
0.9999308495761537,0.001
0.9995358878759225,0.001
1.00081990720423,0.001
0.9985607634379567,0.001
1.0014616824942857,0.001
0.9994434724621339,0.001
1.0007675596077985,0.001
1.0007163775933279,0.001
0.9993018785974256,0.001
0.9998364017175709,0.001
1.0008248495111522,0.001
1.0011124164336296,0.001
0.9999883921131884,0.001
1.0005957038432534,0.001
0.9995722560865274,0.001
1.0006821083352715,0.001
1.0021538988584664,0.001
1.00076190019312,0.001
1.0004440549316196,0.001
0.9994602006376072,0.001
1.00003921848797,0.001
1.0006029488118948,0.001
0.9987081495363831,0.001
1.0005204184707788,0.001
1.0006996894485871,0.001
0.9993405393943867,0.001
1.0000403454075084,0.001
0.9988782844376638,0.001
1.001477862651241,0.001
1.0011001808706337,0.001
0.9998595776521956,0.001
1.000965342969803,0.001
0.9998751084217613,0.001
0.999353658171454,0.001
1.0003581982738154,0.001
1.000708315141877,0.001
0.9998716532235155,0.001
1.0002098092021943,0.001
0.9999787578295201,0.001
1.0016551833803562,0.001
0.9984357644508864,0.001
0.9992926136259109,0.001
0.9985318013438581,0.001
0.9992365680516012,0.001
0.9994510274580872,0.001
0.999712214636353,0.001
0.9996686118291082,0.001
1.0004105676204837,0.001
1.000059130913459,0.001
0.9996958827418067,0.001
0.9995673575676367,0.001
0.9985750614484017,0.001
1.0007384710034786,0.001
0.9990866866981776,0.001
0.9986573995139472,0.001
1.0010251822380427,0.001
1.0003169555137943,0.001
0.9995568355512419,0.001
1.001509916386823,0.001
0.9988197430566564,0.001
1.0003670126774535,0.001
1.0006827799512867,0.001
0.9993784526591829,0.001
1.0001014716096361,0.001
1.0007903112276828,0.001
1.001245140001346,0.001
0.9991856196003671,0.001
0.998230820376222,0.001
1.0008688091364197,0.001
0.9999844682834572,0.001
0.9979646697148554,0.001
1.0009660227346329,0.001
1.0017527731135731,0.001
0.9996026161753746,0.001
1.0015044466250043,0.001
0.998796763918684,0.001
1.0006119496732868,0.001
0.9998853565895603,0.001
0.9982233833936688,0.001
0.9993559048230816,0.001
1.0008810493883065,0.001
0.9985651818827771,0.001
0.9998306214714616,0.001
1.0006834118115657,0.001
0.9997788275637423,0.001
0.9995889519139367,0.001
1.0010060593529035,0.001
1.0000912735582823,0.001
1.0002552063717798,0.001
0.999676709551127,0.001
1.0010319016638274,0.001
1.0009032812304268,0.001
1.000187868890625,0.001
1.0020059943600663,0.001
1.0007651672205937,0.001
1.002230496080247,0.001
1.001611664240115,0.001
0.9991821142234987,0.001
1.0005504377683732,0.001
1.0002615244278545,0.001
0.9992496121883913,0.001
0.9998164124656388,0.001
0.9991107956122935,0.001
0.9986751091663648,0.001
1.0012066765603564,0.001
0.999007411232039,0.001
1.0000034637649462,0.001
0.9992968271276897,0.001
0.9997695817167286,0.001
1.0011630867770551,0.001
1.0012365658370783,0.001
0.9995514550677193,0.001
1.0003522288982103,0.001
1.0002659252118236,0.001
1.00090039290357,0.001
0.9996178260491952,0.001
1.0023851978993947,0.001
0.9999874461147105,0.001
1.000533628652981,0.001
1.0002915266346013,0.001
1.0002108989281049,0.001
1.000208021965775,0.001
1.0003286440341046,0.001
0.9986074101516343,0.001
1.0005012363560952,0.001
0.9995714887213619,0.001
0.9985518398460215,0.001
0.9992789102404559,0.001
1.0000418112648763,0.001
0.9985800125382449,0.001
1.0001485823813283,0.001
0.9998889452320614,0.001
1.0016330568142655,0.001
1.0007950085579134,0.001
1.000812237425249,0.001
1.0010162049411027,0.001
1.0018992180928867,0.001
1.0010154263260076,0.001
1.0018925485040464,0.001
1.0003547071575427,0.001
0.9998841968554834,0.001
0.9991136781957578,0.001
0.9998288175595541,0.001
1.0004602310128936,0.001
1.000062973594987,0.001
1.000324554012771,0.001
0.9989899215808065,0.001
1.000222540508511,0.001
0.9998859461719247,0.001
0.998711525630151,0.001
1.0006345226536566,0.001
1.0000953618049073,0.001
1.0000424330144893,0.001
1.000552212809967,0.001
0.9988309834387058,0.001
0.9993095075958104,0.001
0.9989766504596039,0.001
0.9988458284440096,0.001
0.9986939166186878,0.001
1.0021735060921795,0.001
1.0006774432941627,0.001
1.0013330969767458,0.001
1.0014488122081244,0.001
0.9997489355621573,0.001
0.9989005084267545,0.001
1.0000042627933357,0.001
1.000447759126227,0.001
1.0002541760991255,0.001
0.9997615054912642,0.001
1.0006133782268907,0.001
0.9997595230555734,0.001
0.998680430568288,0.001
0.9994199722924848,0.001
1.0009127547869052,0.001
1.0009995382027572,0.001
1.0003637474502616,0.001
0.9983295026015591,0.001
1.001333281434171,0.001
0.9994137176041308,0.001
0.9981062155464338,0.001
0.9988161468079388,0.001
1.0021055157974241,0.001
1.0002010729349962,0.001
0.9995191156332502,0.001
0.9996105458081623,0.001
0.9997693672626424,0.001
0.999266689371564,0.001
1.0007537229897507,0.001
0.99775364414668255,0.001
1.0005433086046243,0.001
0.9998522584409318,0.001
1.0004127310089341,0.001
1.000521574362285,0.001
0.9999134404926135,0.001
0.999827551973365,0.001
1.000143807846151,0.001
0.997765122693446,0.001
1.0006110990968502,0.001
1.0011391228312245,0.001
1.000364325569928,0.001
1.0003676779808528,0.001
1.0017035674963095,0.001
1.0004569203553972,0.001
0.9995044814604886,0.001
0.9990974478822047,0.001
1.000241347551723,0.001
1.0008232657024514,0.001
1.0000651594300656,0.001
0.9999810160901338,0.001
0.9975556509675336,0.001
1.000049039387593,0.001
1.0008846424795548,0.001
0.9996630968146615,0.001
1.0012436701225518,0.001
0.9997454053173385,0.001
0.9991056084575987,0.001
1.0015307919853667,0.001
1.0001127267232515,0.001
1.000367642421092,0.001
1.00209665727662,0.001
0.9991520350261606,0.001
0.9981369146599196,0.001
1.0000187080668461,0.001
1.0013603085981482,0.001
1.0016263820619327,0.001
0.9996317191720332,0.001
1.0004339205245478,0.001
1.000478237549462,0.001
0.9998460180140795,0.001
0.9994629907538831,0.001
0.9983359620629373,0.001
1.0002187781429364,0.001
0.9984209609489558,0.001
1.002457092809257,0.001
0.9996799176996836,0.001
1.002238145173169,0.001
0.9997711729167031,0.001
1.0006144672087727,0.001
0.9985690510676161,0.001
1.0003461835142595,0.001
1.0012843933146447,0.001
0.9996753571424951,0.001
1.000243765916854,0.001
1.0011660110129126,0.001
1.002186849785381,0.001
0.9996113379720476,0.001
1.0001788632828958,0.001
0.9988064195524603,0.001
0.999093336712954,0.001
1.0000575937440517,0.001
1.0005210128736386,0.001
1.0012551644173666,0.001
0.9998936627296576,0.001
0.9996538850482068,0.001
0.9992000891120839,0.001
1.0015779094170199,0.001
0.9993871950420374,0.001
1.0004640821357167,0.001
1.0003511254819413,0.001
0.9990151686093314,0.001
1.0001878243599518,0.001
1.0011194944013924,0.001
0.9996244251233056,0.001
0.9990297201132639,0.001
0.9989539992760053,0.001
1.0001852429862939,0.001
0.9990618918467069,0.001
0.9991582911627374,0.001
0.998545546655191,0.001
0.9997143284983003,0.001
1.0005769645127658,0.001
0.998814064910444,0.001
1.0001853611070282,0.001
1.0015220531857072,0.001
0.9996296734019338,0.001
1.001405282511088,0.001
0.9992339458738642,0.001
1.0003544641772766,0.001
0.9991846737114982,0.001
0.9993272377615019,0.001
1.0004777066814374,0.001
0.9995227123286194,0.001
0.99984346090434,0.001
0.9996326224373773,0.001
1.0004045607477139,0.001
1.0014733078022233,0.001
0.9998262577701424,0.001
1.0008751185459805,0.001
0.9983382736765206,0.001
0.9997852845289423,0.001
0.9985348673484322,0.001
0.9985755650379423,0.001
1.0011545776894983,0.001
0.9997302811800637,0.001
0.9989311207233258,0.001
1.0025460513177555,0.001
1.001144486439955,0.001
0.9992658930107812,0.001
0.9998815526564385,0.001
0.99928069780935,0.001
1.000088933886715,0.001
0.9992213750177518,0.001
0.9988096549744363,0.001
0.9995569917743913,0.001
0.9991854369262219,0.001
0.9982002319465081,0.001
1.0009273803804655,0.001
1.000224222463463,0.001
1.0006115985755357,0.001
0.9995488899136834,0.001
1.000126736153723,0.001
1.0002533188833644,0.001
0.9994038230766864,0.001
1.0013681740853078,0.001
0.9996765142892742,0.001
0.9993222995143195,0.001
0.999262770593876,0.001
0.9981124662004945,0.001
0.9996148536980346,0.001
0.9985600346599671,0.001
0.9998666639083802,0.001
0.9989021218250186,0.001
1.0012226517236933,0.001
1.000838676341301,0.001
1.0001593805422242,0.001
0.999056455397821,0.001
1.0001964987828573,0.001
0.9987092454994054,0.001
0.9997405711133679,0.001
0.9986470797260053,0.001
1.0001187803795775,0.001
1.00080976553661,0.001
1.0008861091201366,0.001
1.0009785435124223,0.001
0.999660987258417,0.001
1.0005459235143255,0.001
0.9999816353542834,0.001
1.0013208923993424,0.001
1.0001361254838983,0.001
1.0007704214179631,0.001
0.9998666307921504,0.001
1.000735392278016,0.001
1.0011881197525616,0.001
0.9996691129101366,0.001
1.0003849037940629,0.001
0.9994358921565515,0.001
0.9994207566855551,0.001
1.0020376769694161,0.001
0.9995214662269384,0.001
1.0000444279587255,0.001
1.0004011169482878,0.001
0.9992955900247336,0.001
0.9986534675668274,0.001
1.0000874152031762,0.001
1.000841534104733,0.001
0.9982318439856819,0.001
1.000051677885506,0.001
0.9999376109354451,0.001
0.9999380873302229,0.001
0.9982928755732029,0.001
0.9996784501051698,0.001
1.0008042069520513,0.001
0.9975253017712891,0.001
1.0011571590414854,0.001
0.9999582776447122,0.001
0.9998460954654106,0.001
1.0006495307775394,0.001
0.9992686080877144,0.001
0.9992351561956595,0.001
0.9982882128123824,0.001
1.000487363169229,0.001
0.9994948330270644,0.001
0.9996179361490273,0.001
1.0001811933649458,0.001
1.0013831899008228,0.001
0.9996060707339085,0.001
0.9995330662671212,0.001
1.0015205915600764,0.001
0.999514362018726,0.001
0.9982727603397664,0.001
1.0005898971939167,0.001
1.0001641041231037,0.001
0.9983896679175801,0.001
0.9995454464473167,0.001
1.0002312194572223,0.001
0.9996825294076758,0.001
1.001272032973699,0.001
0.9998728562507909,0.001
0.9994415274763259,0.001
0.9999073958928502,0.001
1.0001050055045542,0.001
1.0002396211262068,0.001
1.0007110608978755,0.001
0.9996483162692715,0.001
1.00062166136521,0.001
0.999658558357834,0.001
1.0019399621687008,0.001
1.0006680109581565,0.001
0.9997656792471739,0.001
1.0019277251501728,0.001
0.9995851656141648,0.001
0.9975971879037786,0.001
0.999700877409103,0.001
1.0015664559409545,0.001
0.9998247294465921,0.001
1.0006249250412445,0.001
1.0000015108125724,0.001
0.9988015320716831,0.001
0.9998243566007232,0.001
1.0001394136169095,0.001
1.001829018664998,0.001
1.0015518720910166,0.001
0.998032180276576,0.001
1.0003814642136644,0.001
0.9998099339362145,0.001
0.9996239964079494,0.001
1.0002203940463612,0.001
1.0004098940903141,0.001
1.0001608563291993,0.001
1.001093194042161,0.001
0.9996915186566488,0.001
0.9983458674686619,0.001
1.0004338371346468,0.001
1.0000169019082235,0.001
1.0008990462696143,0.001
0.9991238181076061,0.001
1.0002371594273494,0.001
0.9984210471524869,0.001
0.9997555648938823,0.001
0.999786741032882,0.001
0.9999125753231946,0.001
1.0010706781406795,0.001
0.999157485994768,0.001
0.9995580781482134,0.001
1.0010147545246175,0.001
1.0002940788701475,0.001
0.9978587105442471,0.001
0.9995999543108799,0.001
1.0008042032024596,0.001
0.9989554956480543,0.001
0.999701036294291,0.001
1.0003270983258015,0.001
0.9997479389871933,0.001
1.001022239338098,0.001
1.0019923041312329,0.001
0.9992072981202728,0.001
1.0007619496472515,0.001
0.9984340041366829,0.001
1.0004695982927347,0.001
0.9995441199124636,0.001
0.9989531345410639,0.001
1.0016464994470855,0.001
1.001170662420983,0.001
1.0001904056638355,0.001
0.9996481522004023,0.001
0.998493020540757,0.001
1.0013689738159615,0.001
0.9989662429997188,0.001
0.9989179883433603,0.001
0.9997486383032141,0.001
1.000660015611169,0.001
0.9993047770197269,0.001
0.9997628169216131,0.001
0.9996990155188251,0.001
1.0018068746907642,0.001
0.9993009322065162,0.001
0.9988772564510214,0.001
0.9993918448545891,0.001
1.0012738986782603,0.001
0.9995049274760697,0.001
0.9984637940004385,0.001
1.0001107231967017,0.001
1.0006742140799307,0.001
1.0010421509283416,0.001
1.0019869603142453,0.001
0.9997215872275445,0.001
1.000528946741844,0.001
1.000829697863374,0.001
0.9997726570998149,0.001
1.000394093033988,0.001
1.0002517398518114,0.001
1.0000673885880764,0.001
1.0002711692427015,0.001
1.0005593386095175,0.001
1.0000977699787792,0.001
1.000232533553484,0.001
0.9997990361184125,0.001
1.0009129763990565,0.001
0.9985250666643141,0.001
1.0019873657375111,0.001
1.0000799367083137,0.001
0.9996742691285901,0.001
1.0009288589848124,0.001
1.0002418027090252,0.001
0.9979207194312477,0.001
1.0011035274662787,0.001
0.999572907890462,0.001
0.9995730752882936,0.001
1.0002598760484962,0.001
1.0004255991696915,0.001
1.0015954501298812,0.001
1.0022130096205453,0.001
0.9996307161172816,0.001
0.9995019443138489,0.001
0.998726782607086,0.001
1.000266147534858,0.001
0.9995634998224504,0.001
1.0022130673441787,0.001
0.9999486204550124,0.001
0.9988128471183162,0.001
0.9995759494483355,0.001
1.0003275825871694,0.001
1.0014227066137575,0.001
1.0009304345436008,0.001
1.0003897455333548,0.001
1.0002664744043281,0.001
1.0000489772183312,0.001
1.0002741519441363,0.001
1.0006182846916725,0.001
0.999721946352978,0.001
0.9989774164969071,0.001
1.0006534874505142,0.001
1.0000877677074909,0.001
1.0003343618348208,0.001
1.0010569473802318,0.001
0.9997108019281392,0.001
1.0012855205695461,0.001
1.0001768640511677,0.001
0.9998118552738505,0.001
1.000553490857033,0.001
1.0009235442954005,0.001
1.002132767358141,0.001
0.9984991319354178,0.001
0.9992259751337589,0.001
0.9987371488114594,0.001
1.001191523561923,0.001
0.9997151180053372,0.001
1.0008668069140976,0.001
0.9987574093620584,0.001
1.0001126283927309,0.001
1.0011693941199151,0.001
1.0007121328329494,0.001
1.0000092636890165,0.001
0.9990606411507238,0.001
1.0010326964223237,0.001
0.999804599783128,0.001
0.9998260880331091,0.001
0.9987452411256454,0.001
0.9983293427106088,0.001
1.0002038391133885,0.001
1.0016811696841266,0.001
1.0033945336725594,0.001
1.0000722477884787,0.001
0.9988883262096133,0.001
0.9981378410382044,0.001
0.9990394481900946,0.001
1.0001797380158897,0.001
1.000251365204938,0.001
0.999744164984333,0.001
1.0013821924415243,0.001
0.9993383308172054,0.001
0.9998047885066452,0.001
1.0019764719441613,0.001
0.9994214335426387,0.001
0.9987369422835697,0.001
1.0005060203858618,0.001
1.0003008448529103,0.001
1.000018936475009,0.001
0.9995494632821735,0.001
0.9989177189698627,0.001
1.0009360629226505,0.001
1.0024887536792852,0.001
1.001471148800686,0.001
1.0010936022928376,0.001
0.9994042749878372,0.001
0.9983687948459219,0.001
1.003316802134793,0.001
0.9990783957273497,0.001
1.000683143388323,0.001
0.9997212806755168,0.001
0.9996003624482235,0.001
0.998877488274289,0.001
0.998573056488101,0.001
1.0007791346758368,0.001
1.0011159140253516,0.001
0.9996545395046864,0.001
1.0000732129615606,0.001
1.001051193932131,0.001
0.9983971466123067,0.001
1.0000871660576256,0.001
1.000449907245302,0.001
0.9989981428847077,0.001
0.9999346363060704,0.001
0.9979476514276383,0.001
0.9992013928909684,0.001
1.0001312308810952,0.001
0.9999581061508314,0.001
1.0008506892790152,0.001
1.000701116459146,0.001
1.0019429574591456,0.001
1.000678858561959,0.001
1.0000952553957234,0.001
1.0004691799875574,0.001
0.9996600788838131,0.001
1.0015529363439886,0.001
1.0005507707206511,0.001
0.998755560539699,0.001
0.9994335112266765,0.001
0.9996864961940936,0.001
1.000247749594631,0.001
0.9999477861909338,0.001
0.998366201243212,0.001
0.9998695203263482,0.001
0.9998914131186083,0.001
1.0010647651545663,0.001
0.9996965125035034,0.001
0.9996887172007511,0.001
1.0010012267299444,0.001
0.9994289802924056,0.001
1.000092059062218,0.001
1.0011679333634251,0.001
0.9985681679346082,0.001
1.0007615599605704,0.001
1.0009385066020096,0.001
1.0008617382362899,0.001
1.0010615327117671,0.001
1.0001042381881902,0.001
1.000550255213807,0.001
1.0009178704438648,0.001
1.0000242906689443,0.001
0.9988084958290371,0.001
0.9993398874526943,0.001
0.9997210252944709,0.001
0.9999268277337848,0.001
1.0005298649499015,0.001
0.9986700114774479,0.001
1.0003865013301458,0.001
0.9994343264361504,0.001
0.9993364347616532,0.001
1.0010966107169774,0.001
0.9998837345516112,0.001
1.0017524957983868,0.001
1.0017144969518958,0.001
1.0016159904080943,0.001
1.0002369329797103,0.001
0.9996652426844811,0.001
0.9999539467300642,0.001
0.9999562146919783,0.001
1.0002691425253267,0.001
0.9990294806309534,0.001
0.9996815082928029,0.001
0.9999305752081112,0.001
1.000127068998054,0.001
1.0002354361838732,0.001
1.0007640101459292,0.001
0.9988235766258315,0.001
0.9990466940278193,0.001
0.9998383565141359,0.001
1.0015164822422145,0.001
1.0000755609656926,0.001
1.0000461665212552,0.001
0.9984444240136345,0.001
0.9982329300512982,0.001
0.9997074664255302,0.001
0.9997664542421817,0.001
1.0012550582377182,0.001
0.9993194433173875,0.001
1.000124024527045,0.001
0.999387983174369,0.001
1.0007775371969063,0.001
1.0030479017854808,0.001
0.9991878048437314,0.001
0.9993389122795278,0.001
1.0001338939532471,0.001
1.0000888452887662,0.001
0.9990970543119494,0.001
0.9995814840895655,0.001
0.9982884335578093,0.001
1.0004349472948424,0.001
1.0004196924410818,0.001
0.9996531107257904,0.001
1.0005949184068441,0.001
0.998853288053131,0.001
1.0008540468916618,0.001
1.0005789122668343,0.001
1.0004112655588395,0.001
0.9989992321345441,0.001
0.9988453456474875,0.001
0.9995081601564707,0.001
1.0011448955291553,0.001
1.0011391657075113,0.001
0.9997128113190511,0.001
0.9992300651829864,0.001
0.9995723192513686,0.001
0.9997617843031243,0.001
0.9982368477170991,0.001
0.9977702058686666,0.001
0.9992993618272876,0.001
1.0000783268327804,0.001
1.0014364188870555,0.001
0.9984159031559755,0.001
1.001444452518316,0.001
0.9987881730253825,0.001
0.9999948916972713,0.001
0.999182767163378,0.001
0.9999350122663658,0.001
1.0003350458203741,0.001
0.9995405155007459,0.001
1.0009462979768444,0.001
0.9987188962997743,0.001
0.9991610535644496,0.001
1.0001719517310872,0.001
1.0001746245969074,0.001
1.0032473578892522,0.001
0.999379393434027,0.001
1.000017467959576,0.001
0.999138581486408,0.001
1.0004334980194973,0.001
0.999624392771237,0.001
0.9992124681413674,0.001
0.9996873910642964,0.001
1.0003724432470724,0.001
0.9986359082150379,0.001
0.999791058152347,0.001
1.0009331816505553,0.001
0.9981762169451499,0.001
1.0003571930393471,0.001
1.00208835740418,0.001
1.0020224289881086,0.001
0.9998019688290208,0.001
1.0014226997426938,0.001
0.998920114973567,0.001
0.9996764485777047,0.001
1.0004497389649507,0.001
0.9998612748820896,0.001
0.9997558164061519,0.001
1.0010960708105552,0.001
1.0010114568127761,0.001
1.0003199558802807,0.001
0.9997079768217677,0.001
1.0013363742283887,0.001
1.0011305243379336,0.001
1.0013778310157604,0.001
0.9982962947806855,0.001
0.9984902694822497,0.001
0.998746912836708,0.001
1.0002978182055833,0.001
0.9993138488669154,0.001
1.002186305484473,0.001
0.9992362129108043,0.001
0.9988853892937222,0.001
1.0017833855366711,0.001
1.0006349024005718,0.001
1.0008805414105408,0.001
0.9990196602164533,0.001
1.0013054087477096,0.001
1.0003361623165754,0.001
1.0015416019321706,0.001
1.0010695819697564,0.001
1.001055381685368,0.001
1.0014379432403848,0.001
1.0008954200527787,0.001
1.0001211519610897,0.001
1.0011850276140661,0.001
0.999835563039272,0.001
0.9997765873565712,0.001
0.9989387130293793,0.001
0.9994670831581621,0.001
1.0018128434912619,0.001
0.9984916534079658,0.001
1.0001563202984507,0.001
0.9987383124142154,0.001
1.0021959390537007,0.001
1.000512097986172,0.001
0.9997904558310517,0.001
1.001521780052843,0.001
0.9999620252913837,0.001
0.9980229838623846,0.001
1.0003926620909518,0.001
1.0008371883823663,0.001
0.9986356017890323,0.001
0.9992681282944229,0.001
1.0010176508382322,0.001
1.0002558207467975,0.001
0.9977686727057238,0.001
0.9992019603282102,0.001
0.9994972121929644,0.001
0.9993440314033801,0.001
0.999997820528039,0.001
1.0000157072508917,0.001
1.0015100677274837,0.001
0.9997920913762343,0.001
0.9989135316756368,0.001
1.001656600459573,0.001
1.0010667435632181,0.001
0.9994599482738845,0.001
0.9995822117689845,0.001
1.0003003987688632,0.001
0.9995808225013588,0.001
0.9994023164469691,0.001
1.001558477806284,0.001
0.9999505975147479,0.001
0.9968318222715936,0.001
1.0004262068738259,0.001
1.0013975738576633,0.001
0.9989840556670159,0.001
0.9993921965522206,0.001
0.9997694655743791,0.001
0.9998752366193812,0.001
1.0012532238812524,0.001
1.0007900426859053,0.001
1.000990551393314,0.001
1.0005446931743476,0.001
1.0019255667391613,0.001
1.0007691428405965,0.001
0.9975800767667081,0.001
0.999780975007197,0.001
0.9994017528811127,0.001
0.9986306134441131,0.001
1.0003664189966053,0.001
1.0019557024811991,0.001
1.0020176802345666,0.001
1.0002525047203583,0.001
0.9992867373797018,0.001
1.0014526373094308,0.001
0.9996941935625795,0.001
0.9985078109613625,0.001
0.9995182154946837,0.001
0.9996360935785354,0.001
1.0002540646859974,0.001
1.0005460705795208,0.001
0.9995897359472158,0.001
0.9990484587031887,0.001
1.0006350858261852,0.001
1.0008501092083641,0.001
1.0023783770869472,0.001
0.9984833375050652,0.001
1.0005911662379143,0.001
1.0021032308817608,0.001
0.9981401180715148,0.001
1.0005447093867297,0.001
0.9987662730053944,0.001
1.0038420230520726,0.001
0.9996365701955364,0.001
1.0000825354537026,0.001
1.0003002514067536,0.001
0.9999597073234738,0.001
0.9994802246291923,0.001
0.9996398012269456,0.001
0.9997099082331699,0.001
1.0008095800610826,0.001
0.9997127698368844,0.001
1.0015974782415888,0.001
1.0016639717804943,0.001
1.0000270388801686,0.001
0.999211652409044,0.001
1.0002521717931883,0.001
0.9993575181083665,0.001
1.0023671294204375,0.001
0.998639988443033,0.001
1.0002199735654325,0.001
0.999087186698664,0.001
0.9988096740593414,0.001
1.000904245302489,0.001
0.9991911199412341,0.001
1.0000250020724375,0.001
1.0014344516869886,0.001
1.0004424854334963,0.001
0.9986000108664236,0.001
0.999386264256487,0.001
1.0020976575293636,0.001
0.9990174479420451,0.001
1.0003383700559103,0.001
1.0010596801558165,0.001
1.0005943946880647,0.001
1.0007298000190668,0.001
1.001993271682232,0.001
1.0007846455343798,0.001
1.0004358883960522,0.001
1.0010617363182974,0.001
0.9982652554046499,0.001
0.9999843478631405,0.001
1.0006333763765853,0.001
1.000851732149019,0.001
1.0019346577673074,0.001
0.9985073170079107,0.001
1.0005324086333842,0.001
1.0009453225077023,0.001
0.9992787990877124,0.001
1.0015127450683068,0.001
1.0002363321427108,0.001
0.9989996320849802,0.001
0.9992944507435361,0.001
0.9997672096128353,0.001
0.9999622553633125,0.001
1.0005443122140434,0.001
1.000515376908051,0.001
0.9990889197352221,0.001
1.0006846668236435,0.001
0.9993372909796576,0.001
1.0007667449790572,0.001
1.0000547607580357,0.001
0.9998738060668229,0.001
1.0008519064881916,0.001
0.9994731462547172,0.001
1.0006249689132192,0.001
0.9989331674055191,0.001
1.0004834767696547,0.001
0.99940235744708406,0.001
1.0000033282132725,0.001
1.0005145398511854,0.001
0.9998982344796149,0.001
0.9995343385275169,0.001
0.9987319990467849,0.001
1.0007683853339189,0.001
0.9997994445169885,0.001
0.9982150856602894,0.001
0.9994816044727066,0.001
1.0011720097433867,0.001
0.9971455012432966,0.001
1.0010030142439041,0.001
1.0003204036528988,0.001
1.0005046711610586,0.001
0.9994682588338654,0.001
0.9991117414243353,0.001
1.000131615836144,0.001
1.0011583316959463,0.001
0.9985161581503543,0.001
0.9982315779415368,0.001
0.9998322591664579,0.001
0.9996983766415019,0.001
0.9996735795434523,0.001
1.0008558781814592,0.001
1.0003785962609784,0.001
0.9998175335403305,0.001
0.9999207670617379,0.001
1.0007771550240396,0.001
1.0003999013423996,0.001
1.0003898786960688,0.001
1.0001837051110816,0.001
1.0015313455577879,0.001
0.9980932646561135,0.001
0.9991288854748052,0.001
0.9997530128682359,0.001
1.0001983040285398,0.001
1.0001081357053514,0.001
0.9991198061902457,0.001
0.9992872776823651,0.001
0.9996465116798962,0.001
0.9997954038009753,0.001
1.0004958388652343,0.001
0.998522067242885,0.001
0.9996330038478312,0.001
0.9989705887961667,0.001
1.001091252967531,0.001
1.0000466927329494,0.001
1.0004036859733791,0.001
1.0009447556711666,0.001
1.0004882118123177,0.001
1.0003372375008384,0.001
0.9981820470846442,0.001
1.0002192949133974,0.001
0.9994180886585616,0.001
1.0005288831712569,0.001
1.0007209543288624,0.001
0.9995081056190418,0.001
1.000040539817919,0.001
0.9992912909276317,0.001
1.001175324395893,0.001
0.9999075692875874,0.001
1.0003572509128535,0.001
1.0003024067190873,0.001
0.9989105575254467,0.001
0.9994734892736452,0.001
1.0021026051905888,0.001
0.999225442206764,0.001
0.9995004128894901,0.001
1.0011451347311064,0.001
0.9990268469339912,0.001
0.9989078911656383,0.001
0.9984908523402722,0.001
0.9998686654925311,0.001
1.0036839745882125,0.001
1.0002779251102372,0.001
1.000164035362785,0.001
1.0009714630570117,0.001
0.9992492564078096,0.001
1.0014975040465646,0.001
0.9986973017503195,0.001
0.999344427987845,0.001
1.000958465084171,0.001
0.9999448167327049,0.001
0.9999411073638035,0.001
0.9991047449811694,0.001
1.0002714726612063,0.001
0.9975950423535979,0.001
1.0006584043689692,0.001
1.0007862206361737,0.001
1.0032168009490572,0.001
0.9996282478982779,0.001
0.9992017234647435,0.001
0.998666115304065,0.001
0.9995692021818606,0.001
1.001561017579791,0.001
1.000267290619912,0.001
0.9998284788281411,0.001
0.9999209165385405,0.001
1.000861600294508,0.001
1.001124977223367,0.001
1.0006368074416767,0.001
0.9988508926572288,0.001
1.0001000722397384,0.001
0.9999392877337994,0.001
0.9996071115477534,0.001
0.99932537778543,0.001
0.9990652236515517,0.001
0.9994301561939629,0.001
1.0001531908240398,0.001
1.0007695487545762,0.001
1.0018472127327838,0.001
0.9973104507742785,0.001
0.9999227994131756,0.001
1.0002037061945206,0.001
1.000496869488877,0.001
1.0005967490074146,0.001
1.0004725789442157,0.001
0.9992539872519884,0.001
1.0002874293974342,0.001
0.9974439713317863,0.001
0.9995345692795884,0.001
1.0001093330747726,0.001
0.9996134002696931,0.001
1.0011937202943129,0.001
1.0007977317289527,0.001
1.0025958774094574,0.001
0.9986797593803509,0.001
0.9997952400887216,0.001
0.9990714988504076,0.001
1.0003884419929456,0.001
0.9980069069304078,0.001
0.9990628895546008,0.001
1.000018062366181,0.001
0.9995040667952457,0.001
1.0004837686732853,0.001
1.0010587305798975,0.001
1.000789745031329,0.001
1.0013264789321643,0.001
1.0008911437165553,0.001
0.999508237057697,0.001
1.0004093837883505,0.001
1.0000803887581133,0.001
0.998849371906544,0.001
1.000093000641197,0.001
0.998542480831416,0.001
0.998488515015523,0.001
0.9995512812603199,0.001
1.0013411100987017,0.001
0.9985136772618518,0.001
1.0024170852139442,0.001
1.0011522135568414,0.001
1.0008416719238362,0.001
0.9995546205107347,0.001
0.9991332438128279,0.001
0.9990052661915182,0.001
1.001473855736317,0.001
0.9980824640092314,0.001
1.0008969482734715,0.001
1.0008891214501527,0.001
1.0001685048871407,0.001
0.9987116974059796,0.001
0.9995708220876186,0.001
0.9998771339397369,0.001
0.9987092682499522,0.001
1.000760986204649,0.001
0.9995711505440956,0.001
1.0007200630767403,0.001
0.997961905036391,0.001
0.9999197263889867,0.001
0.9994524936388289,0.001
0.9988434519514445,0.001
0.9993939559625181,0.001
1.0000365476889579,0.001
1.0000100171350055,0.001
1.0002014855155144,0.001
1.0014180841079758,0.001
0.9985710003762508,0.001
0.9993210228827958,0.001
0.9979121300107823,0.001
0.9993634311844444,0.001
0.9971137616797106,0.001
0.9998225143369485,0.001
0.9984411288685019,0.001
0.999094708172935,0.001
0.9992614723200133,0.001
1.0006153463118053,0.001
0.9992779340728705,0.001
1.0014266506859044,0.001
0.9989583637623434,0.001
0.9994860133363397,0.001
1.0015226421142647,0.001
1.0002356507258738,0.001
1.0014138161793487,0.001
0.9987046522766005,0.001
1.0015325415323029,0.001
1.0012820809848035,0.001
1.0006368246284754,0.001
1.0000192467609772,0.001
0.9994246564540378,0.001
0.9997738855687787,0.001
1.0008184426777782,0.001
1.0002787874657837,0.001
1.0004184138043932,0.001
1.0003055213274443,0.001
0.9983917410950621,0.001
1.0016472202735296,0.001
1.0000631364508437,0.001
0.997806616359831,0.001
0.9998831369190849,0.001
0.9989017718062084,0.001
1.0004123247924825,0.001
1.0010747366871187,0.001
0.9998241213441131,0.001
1.0002396254596166,0.001
0.999306646250421,0.001
1.0010613083796691,0.001
0.9994400029487233,0.001
1.0016944523780862,0.001
0.9989076637667377,0.001
0.9983693229871591,0.001
0.9994311930235654,0.001
0.998287607907329,0.001
1.000340904626631,0.001
0.9988970967953288,0.001
0.9995335284221086,0.001
1.0013300403711698,0.001
0.9995192687076333,0.001
0.9988586866140464,0.001
1.0001374172094566,0.001
0.9997866692101157,0.001
1.001288537995421,0.001
1.00057055093236,0.001
0.999632591448902,0.001
1.0019891865507993,0.001
1.0000137056456602,0.001
1.000905744069738,0.001
1.0000349865120597,0.001
0.9995975613358116,0.001
1.0006058548453105,0.001
0.9994151176484598,0.001
0.9987271339623739,0.001
1.0000982748453489,0.001
1.0005936988811839,0.001
1.0003205179660937,0.001
0.9997362159966119,0.001
1.0018070304134323,0.001
0.9994714771037091,0.001
1.0006851392245153,0.001
0.9999620805206152,0.001
0.9998662172007099,0.001
0.9999726914224734,0.001
1.0010575096350751,0.001
1.0008486833777948,0.001
0.9984057477218433,0.001
1.0002230622544321,0.001
1.000688942705137,0.001
0.9998245922630338,0.001
0.9978883264234882,0.001
1.0004924382548717,0.001
0.9990490898203075,0.001
0.9987252132801063,0.001
1.00012577746537,0.001
0.9990782817970483,0.001
0.9992698299904081,0.001
1.000616974972835,0.001
0.9996262656026168,0.001
0.9996393742349098,0.001
0.9988834090936453,0.001
1.0005272550955626,0.001
0.9995531566994662,0.001
1.0012950653243795,0.001
1.0020700931249062,0.001
1.0004053339711498,0.001
0.997941067877207,0.001
0.999590466367268,0.001
0.998407909414518,0.001
0.9987590992863792,0.001
1.000997367036668,0.001
0.9994277472140669,0.001
1.001054674519744,0.001
1.00053862519392,0.001
1.0010576360819194,0.001
1.0013049794738715,0.001
1.0011488957065213,0.001
0.998901779739763,0.001
1.0002280627959945,0.001
1.001675615177572,0.001
1.0007167990968504,0.001
1.000096126246266,0.001
1.0013894022245813,0.001
0.9995008014385882,0.001
1.0005236781171998,0.001
1.0012459057254897,0.001
1.0013336466865164,0.001
1.000124456186269,0.001
1.0007595482114326,0.001
0.9999823364734672,0.001
0.9993621924022874,0.001
1.0004690740546616,0.001
1.0008763463854378,0.001
0.9990627557255759,0.001
1.0007588982635487,0.001
0.9993459860890361,0.001
0.9992686463412833,0.001
1.000666281309172,0.001
1.0001023472710984,0.001
1.0020022815523295,0.001
1.001094439473121,0.001
0.9994911063260741,0.001
0.9988544832900208,0.001
1.00054434122199,0.001
0.9996075846604433,0.001
0.9997336031133606,0.001
0.9982026129875203,0.001
1.0012053257595988,0.001
0.9998282097524929,0.001
1.0007211544148547,0.001
0.9999396723491494,0.001
1.0008684565374113,0.001
0.9986819849113894,0.001
1.0012207380244602,0.001
0.9999747327288506,0.001
1.0000497842923677,0.001
1.0001750984318047,0.001
0.998349306016552,0.001
1.0004142190544123,0.001
0.9991739408631697,0.001
1.0002255426567341,0.001
0.9996912035087048,0.001
1.0003958091042424,0.001
0.9998905474378288,0.001
0.9997138287890295,0.001
1.0002511227220405,0.001
0.9994271525408608,0.001
1.0011361499826432,0.001
1.0000931210771289,0.001
0.9988063692309397,0.001
0.9986978518811056,0.001
0.9988145889243008,0.001
0.999913933728366,0.001
0.9999019242630984,0.001
0.9995918158331982,0.001
0.9993383017130433,0.001
0.9998816879815824,0.001
1.0002144308332508,0.001
0.9987404610827534,0.001
1.0006145446098964,0.001
1.0020307591501796,0.001
0.9987017295297757,0.001
0.9993421605656218,0.001
1.0002060541817905,0.001
1.0005987735367432,0.001
0.9991222764458914,0.001
1.0009382435824734,0.001
0.9983611735864422,0.001
0.999867113293035,0.001
0.9996973532980268,0.001
1.000137036210234,0.001
1.0000625046457143,0.001
1.0000311013984333,0.001
0.9998245274278393,0.001
1.0016918774440506,0.001
0.9990390676865968,0.001
0.998426022935065,0.001
1.0000104172118078,0.001
1.0001306979906022,0.001
0.9979132938220984,0.001
1.0001440548588947,0.001
1.000268916200802,0.001
0.9994763598046797,0.001
0.9990197531969209,0.001
1.0010539035435426,0.001
0.9996705609520623,0.001
0.9997033761102795,0.001
0.9992368411579035,0.001
1.0008494697139354,0.001
1.0005743467775503,0.001
0.9996069553335838,0.001
0.9996668871726964,0.001
1.0001706765321032,0.001
1.001514629996779,0.001
1.00160484823516,0.001
1.0012663910034594,0.001
1.0009612218511654,0.001
0.9995581385034086,0.001
0.9997109294810965,0.001
0.9983647743770763,0.001
0.9994004099493007,0.001
1.0011114754441743,0.001
1.001627406069691,0.001
0.9994737402598619,0.001
1.000298607794366,0.001
0.998017812897021,0.001
1.0013228165212629,0.001
1.0004938306177562,0.001
0.9997524871496537,0.001
1.0001894152245807,0.001
0.9988213393528684,0.001
1.0013828301731797,0.001
0.9990913528957028,0.001
0.9993299076497367,0.001
1.0002807358854549,0.001
0.999221306196655,0.001
0.9997001765267776,0.001
0.9999233669655871,0.001
1.000410656076192,0.001
0.9990473624905162,0.001
0.9992819862290642,0.001
1.000606987850784,0.001
1.0002681658427688,0.001
1.0013522749971855,0.001
0.9991005843476289,0.001
0.998547755243112,0.001
0.9991763755721749,0.001
1.0006926905826368,0.001
1.000124050766443,0.001
1.0007590847178034,0.001
1.000221382698425,0.001
1.0000312849757016,0.001
1.000464749487994,0.001
0.9999698100163231,0.001
0.9991318546527126,0.001
1.0008742039635494,0.001
1.0030229553365053,0.001
1.0007534548249792,0.001
0.9971033233173181,0.001
0.9997243776363335,0.001
1.0009083817854807,0.001
0.9992559035308366,0.001
0.9991697040787308,0.001
0.9991065866533234,0.001
0.9999320052112287,0.001
0.9994309997961043,0.001
1.0019130882494591,0.001
0.9999484360412353,0.001
0.9992488942652278,0.001
1.000755441763834,0.001
1.001591983467689,0.001
0.9984046272828477,0.001
1.001349153682061,0.001
1.0010159759844544,0.001
0.9993596685969967,0.001
1.0002089734424602,0.001
0.9995766285849298,0.001
0.9996434277398558,0.001
0.9990490304748972,0.001
1.001157291347592,0.001
1.0010154954282848,0.001
1.0003698001006056,0.001
0.9987111078704025,0.001
1.0000996545507754,0.001
0.9996694017851793,0.001
0.9997775368721186,0.001
0.9993983567714654,0.001
0.9986378802520367,0.001
0.9994151347566097,0.001
0.9999376496313178,0.001
0.998429727129555,0.001
0.9991519165831878,0.001
0.9978173053347204,0.001
0.9995976219684588,0.001
1.000499709629398,0.001
0.9997939229248676,0.001
0.9994288048774258,0.001
1.0011365446306293,0.001
0.9990721766827758,0.001
1.00118698606648,0.001
0.9996492348535042,0.001
0.9984459218975712,0.001
1.0001733539133688,0.001
1.0003388648973004,0.001
0.9995089157114658,0.001
0.9986388055517531,0.001
0.9989257431954549,0.001
0.999946580975117,0.001
0.9994351244667937,0.001
0.9990529737213801,0.001
1.000065279333952,0.001
0.9990731797724076,0.001
1.00059159286365,0.001
1.0006206151507429,0.001
1.0014048993457243,0.001
0.999868591379818,0.001
1.0003138096319837,0.001
0.9980489856772603,0.001
1.001044119990136,0.001
0.9990583148449231,0.001
1.0001143580611542,0.001
0.9988508459578335,0.001
0.9992792621898923,0.001
1.0025313725964107,0.001
1.0005619800075032,0.001
0.9998757149274751,0.001
1.0012823840302056,0.001
1.00028668327751,0.001
1.0006968625564416,0.001
1.0000014130854247,0.001
1.0010021591900393,0.001
0.9993103712898953,0.001
1.0005504058278718,0.001
0.9994738596167334,0.001
0.99941787214489,0.001
0.9990288785595537,0.001
0.9988748619088963,0.001
0.9991410857089031,0.001
0.9994336138962199,0.001
0.999536338521072,0.001
0.9999189355259669,0.001
0.9967529941678454,0.001
1.00162947782628,0.001
0.9978975484689989,0.001
1.000182563865806,0.001
0.999677941676117,0.001
1.0004844023407384,0.001
0.999337581347013,0.001
0.9982210286324138,0.001
1.0007761792727294,0.001
1.001874027941475,0.001
1.0019552381586103,0.001
1.001131847054089,0.001
1.0008598166504643,0.001
0.9993860234013898,0.001
0.9996473292605867,0.001
0.9990177921161895,0.001
0.9984202408165481,0.001
1.0001309794283617,0.001
1.0003884154522795,0.001
1.0012189078412685,0.001
0.9997551156637201,0.001
1.0014375600770453,0.001
1.000321315527265,0.001
1.0014688836604297,0.001
0.9992308561721945,0.001
1.0000950613648134,0.001
1.0001300714928651,0.001
1.000192123309663,0.001
1.0002890901156112,0.001
1.0011136591718295,0.001
1.0025404294607183,0.001
1.000834890730633,0.001
0.9997665262488608,0.001
0.9987675990069821,0.001
1.0001796635257987,0.001
1.0002871963167577,0.001
1.0001334618387574,0.001
0.99981986683565,0.001
0.9991640253609898,0.001
0.999093986480309,0.001
0.999924342551164,0.001
0.9996453445609711,0.001
1.0002292276759968,0.001
0.9981996582841284,0.001
0.9994577990065581,0.001
1.0010540708406224,0.001
1.0011688120306181,0.001
0.9975187301980736,0.001
0.9983960119401395,0.001
0.998811035985534,0.001
0.9982943731908591,0.001
1.0008937010337946,0.001
0.9998886463509672,0.001
0.9996580213528429,0.001
0.9989971840316276,0.001
0.9994683871346394,0.001
1.001870375113162,0.001
0.9997497301528714,0.001
0.9988337817030942,0.001
0.9988791784326698,0.001
1.0003444188264785,0.001
0.9994881182544275,0.001
1.0001008808590444,0.001
0.9990553037721797,0.001
0.997914493225394,0.001
0.9989717820353383,0.001
1.0005571887332947,0.001
0.9997400476007858,0.001
1.0009654015015124,0.001
0.9996036588129703,0.001
1.000129925986042,0.001
0.9997671400428442,0.001
0.9996311278765522,0.001
1.0013346099864955,0.001
0.9998641535768718,0.001
0.9994956348279785,0.001
0.9999389620169089,0.001
0.9988062458117046,0.001
1.001009951122817,0.001
0.9993694439800853,0.001
1.0007081563140687,0.001
0.9996695592226729,0.001
1.0000745194605685,0.001
0.9984743567808583,0.001
1.0009554656252833,0.001
1.000289034614847,0.001
0.9997650845772539,0.001
0.9992263504193986,0.001
0.9975584237987047,0.001
1.0002248435905357,0.001
0.9993416049904476,0.001
1.0007317845989263,0.001
1.0003220194108788,0.001
1.0020717215270418,0.001
0.9995242908196905,0.001
0.9996268520786936,0.001
0.9997764443509759,0.001
1.0008618026832583,0.001
0.9995154383680613,0.001
0.9995854819599632,0.001
1.0012932906235499,0.001
0.999923902751347,0.001
0.9997935463596324,0.001
1.0003765249325645,0.001
1.0004390042478324,0.001
1.0002523498099867,0.001
1.0003641924415023,0.001
1.0001568103315437,0.001
0.9988700325179178,0.001
0.9992918929004112,0.001
0.9995300766602992,0.001
0.9999007963390153,0.001
0.9981040826208741,0.001
0.9995662078985247,0.001
0.9992862516376336,0.001
0.9978473034600732,0.001
0.999092543344359,0.001
0.9999753997407027,0.001
0.9990973310255543,0.001
0.9999703249529864,0.001
1.0003491507361995,0.001
1.0006509926788825,0.001
1.0015920993988163,0.001
1.0003852147132024,0.001
1.0014397071907153,0.001
1.0001177554287888,0.001
1.0014869541101477,0.001
1.0014101585009567,0.001
1.0009932898280012,0.001
0.998381133931346,0.001
0.999998795298646,0.001
0.9989485096640016,0.001
0.9991309045384482,0.001
1.0002254539221977,0.001
0.998327202004198,0.001
1.0004087301044255,0.001
0.999425002944371,0.001
0.9986571342659064,0.001
1.0002188126511213,0.001
0.9996337834049032,0.001
1.001118018062861,0.001
0.999437196880709,0.001
1.001606172414697,0.001
1.0015567154255685,0.001
1.0005936087850649,0.001
1.0021323312224721,0.001
1.0007077211287574,0.001
0.9993904492305131,0.001
1.0022073254153352,0.001
1.0017198063419492,0.001
0.9992551203545761,0.001
1.0006818193048652,0.001
1.000342351049085,0.001
1.0003875661262214,0.001
1.0014753111784465,0.001
0.9997402757031422,0.001
1.0016270093354838,0.001
1.0023363847746862,0.001
1.0002104087896564,0.001
1.0000145817929016,0.001
1.0004460119504557,0.001
0.9999160387424355,0.001
0.9999839409443205,0.001
0.9982195780322746,0.001
1.0002246892395472,0.001
0.9993278523926448,0.001
0.9997751388988048,0.001
1.0002795982181016,0.001
0.9999021098388989,0.001
0.9984442573945954,0.001
0.9999309246038309,0.001
1.0014161154596277,0.001
1.001491480149487,0.001
0.9991925656950639,0.001
0.9985617636152374,0.001
1.000605756964806,0.001
0.9980156735172625,0.001
1.0017174915516596,0.001
0.9989179378058665,0.001
1.0004881963169732,0.001
0.9981791928106953,0.001
1.0008846344350744,0.001
1.000254852137582,0.001
1.0003550468251627,0.001
1.0005338797212424,0.001
1.000062924087311,0.001
1.0005412349514915,0.001
0.9978255757611809,0.001
1.0003986895880235,0.001
1.0004829041716532,0.001
0.9998323006261041,0.001
1.0007933848892598,0.001
1.0007236234441483,0.001
1.0001627222311849,0.001
0.9977234953181447,0.001
0.9987932364690093,0.001
1.0004215856033885,0.001
1.0005199905348823,0.001
1.0008505118277835,0.001
0.999952033577466,0.001
0.9998542568756743,0.001
1.0010365215827064,0.001
1.0006559487112594,0.001
1.0003428478078802,0.001
1.0010406827670013,0.001
1.0015974406343122,0.001
0.9995261488054904,0.001
1.000309364639211,0.001
1.0000106945690863,0.001
0.9993780822259298,0.001
0.9994405157805542,0.001
1.0019736191535848,0.001
1.0006903557504696,0.001
1.001130699594244,0.001
0.9993209981771554,0.001
0.9998431345200723,0.001
0.9987081695885804,0.001
1.000875640461836,0.001
0.997855791702497,0.001
0.9997195065974736,0.001
0.9984787887698147,0.001
1.0012705594365592,0.001
1.000653983802561,0.001
0.9999396019150628,0.001
0.9996949510173202,0.001
1.0024407089453231,0.001
1.000030734461893,0.001
0.9991022163612787,0.001
0.9991198836484338,0.001
0.9990113747450973,0.001
1.0002052533523147,0.001
0.9997457740576845,0.001
0.9997860298686242,0.001
1.0005212502421008,0.001
0.99980914646048,0.001
1.0023489458561292,0.001
1.0009909761170863,0.001
0.9994929388757041,0.001
0.9997943167680554,0.001
0.9996779931872145,0.001
0.9997180953298173,0.001
1.0007176968767393,0.001
1.0000104886329166,0.001
0.9985975413298107,0.001
1.0015024369185295,0.001
1.0015050301738069,0.001
0.9994234212487904,0.001
1.0007995627698052,0.001
0.9988097628976723,0.001
0.9979747249884833,0.001
0.9999521131272091,0.001
0.9997059140970841,0.001
0.9976915596490431,0.001
1.0003758154961102,0.001
0.9981457130259458,0.001
1.000700093046263,0.001
1.0006439485374792,0.001
1.0008354636966306,0.001
0.9976706671773912,0.001
1.0005481176587423,0.001
1.0016799152524944,0.001
0.9998599089352893,0.001
0.9982202850218052,0.001
0.9995992088689698,0.001
1.0004415249110719,0.001
1.0010147273830394,0.001
0.9986948352169918,0.001
0.9997585839131298,0.001
0.9998257235789235,0.001
1.0007444209934946,0.001
0.99971606021945,0.001
0.9989809928817788,0.001
1.0015740742755332,0.001
1.0011139560942564,0.001
1.0000524470530945,0.001
1.0010672553235849,0.001
0.9995893964101463,0.001
0.9998355473909051,0.001
0.9997363378956532,0.001
0.9995670833597318,0.001
0.999709936298089,0.001
0.9993826710993119,0.001
0.9999948491650127,0.001
1.000159525874992,0.001
1.0008084257208254,0.001
0.9991165228937032,0.001
1.0005590163410596,0.001
0.9991721179127365,0.001
0.9990130929086424,0.001
1.0000624460503167,0.001
1.001629481062895,0.001
0.9991351099480305,0.001
1.0015305977860056,0.001
0.9999079471846656,0.001
1.0000012581440234,0.001
1.0001134065622534,0.001
1.0002655703474312,0.001
1.0003010212238603,0.001
0.9988602359307902,0.001
1.0007840672908301,0.001
0.9998637224233693,0.001
1.000397261920791,0.001
0.9997052185969295,0.001
1.0007849439221732,0.001
0.999585973827707,0.001
1.0006786209668943,0.001
1.000146146649697,0.001
1.000730280043406,0.001
0.9980816504753635,0.001
1.0005894659376253,0.001
0.9983085125803121,0.001
0.9986642819166068,0.001
0.9995385448460341,0.001
1.000423270556799,0.001
1.0013077442893472,0.001
1.0007018507087846,0.001
0.9994084358887454,0.001
1.0010257373441285,0.001
0.9973477425469316,0.001
0.9990654159134772,0.001
1.00007830107476,0.001
0.9992354935339587,0.001
1.000333935243301,0.001
0.9982438500273441,0.001
1.0008304083057864,0.001
1.0005813746634626,0.001
0.9999026170734754,0.001
1.0004146352571923,0.001
1.001019934565376,0.001
0.9983314769565321,0.001
0.9997081266210395,0.001
1.001120783121062,0.001
0.9990509966314788,0.001
0.9999502567355031,0.001
0.999822127393915,0.001
0.9998653594575687,0.001
1.000162592290882,0.001
1.0008776694985362,0.001
0.9993762400678234,0.001
1.0010774531392779,0.001
0.9975570695329351,0.001
0.9994713986921911,0.001
0.999514033280076,0.001
1.001404949875052,0.001
1.0010330246867265,0.001
0.9989679386859438,0.001
0.9999858884347627,0.001
1.0004933805138518,0.001
0.9999063926640062,0.001
0.99912866282005,0.001
0.998867528444281,0.001
1.001509937193552,0.001
1.000055082152096,0.001
1.0003207132773753,0.001
1.0006875707604086,0.001
1.0005672443798939,0.001
0.9984079566054862,0.001
0.9997376656760029,0.001
0.9981055669598023,0.001
1.001256239259524,0.001
1.0008760325091446,0.001
1.0022725785522923,0.001
1.0007432350477865,0.001
1.0007122120968297,0.001
1.0010973119760438,0.001
0.9994045508649825,0.001
1.0004158817988746,0.001
1.001385611697076,0.001
0.9996780167455166,0.001
0.9989830502353929,0.001
1.0000779790921404,0.001
0.9985892140342844,0.001
1.0011037717686182,0.001
0.9996020583707571,0.001
0.999126117340244,0.001
0.9997363433091058,0.001
1.0008006202260626,0.001
1.000058989498546,0.001
0.9999952873195409,0.001
1.002003636345882,0.001
1.0014163938047005,0.001
1.0007761385179799,0.001
1.0002370229984059,0.001
0.999668386372514,0.001
0.9989561535785136,0.001
0.999602949360913,0.001
1.0009001579420462,0.001
1.0006357079249795,0.001
1.0018755561986596,0.001
1.0000001981888116,0.001
1.0004691313429395,0.001
1.0010336357701597,0.001
0.9989899038303511,0.001
0.9997676006660091,0.001
1.0011404361298968,0.001
0.9997196114835383,0.001
1.001968181301176,0.001
1.000851020766401,0.001
0.9995588035162815,0.001
1.0006141918657212,0.001
1.0006221745544082,0.001
1.002240819535803,0.001
0.9998277795838991,0.001
1.0001297292670857,0.001
1.0015289676264318,0.001
0.9999406469497201,0.001
1.001037515353781,0.001
0.999743010045944,0.001
1.000237929139338,0.001
0.9987347022772479,0.001
0.9994510754348306,0.001
1.0000667305627087,0.001
1.0003892025974066,0.001
0.9990536559669999,0.001
1.0009995914535526,0.001
0.9970695625598105,0.001
1.0003407311282766,0.001
0.9986693016678392,0.001
1.0001019545192458,0.001
0.9997739353168194,0.001
0.9994437788604555,0.001
0.9995793287088308,0.001
0.9976146840220771,0.001
1.0000307844702678,0.001
1.001424795832037,0.001
0.9990697620047944,0.001
0.9991021863865102,0.001
1.0014355543014832,0.001
0.9977647384223075,0.001
1.000075659173586,0.001
0.9992310560764354,0.001
1.0003064374346116,0.001
0.9984214682482344,0.001
0.9990519409022617,0.001
1.0004766318859526,0.001
1.000202997024895,0.001
1.0007394923579527,0.001
0.9992819626611473,0.001
0.9987239753835321,0.001
0.9998641280557365,0.001
1.001053306030513,0.001
1.0001349772468096,0.001
1.0004880048064022,0.001
1.0001104029684238,0.001
1.000504284979178,0.001
1.0013279061945701,0.001
1.0010738446013598,0.001
1.0002181815717752,0.001
0.9993207521682236,0.001
0.9987667072416331,0.001
1.0001235450967085,0.001
1.0007877673386176,0.001
0.99969072789146185,0.001
0.9997716306581983,0.001
1.0000974837802181,0.001
0.9995889268275506,0.001
0.9997132596635336,0.001
0.9989639648181493,0.001
0.9992752914442136,0.001
1.0001935590694502,0.001
1.0017241185688672,0.001
1.0001269485197308,0.001
0.9989619136575579,0.001
0.9999960171492015,0.001
1.0006876154962576,0.001
0.9995674722580985,0.001
0.9995613458753805,0.001
1.0000129457264524,0.001
0.9989492451883825,0.001
1.000219145142219,0.001
0.9987632233680015,0.001
0.9989175103105697,0.001
1.0006861892238588,0.001
0.9993677687119861,0.001
0.9982278154135253,0.001
1.0016620266866656,0.001
1.0027795595184492,0.001
1.000471491532498,0.001
0.9996879329225207,0.001
1.0001182341867156,0.001
0.9991340690920081,0.001
0.9996656953715438,0.001
0.9994764898338038,0.001
0.9985609581676516,0.001
1.0003807578448642,0.001
0.99934960268069,0.001
1.0020276982971674,0.001
1.0009599896908838,0.001
0.9995542502567755,0.001
0.9983444761919009,0.001
0.9994467896257612,0.001
0.9989347552261222,0.001
0.9999221293337542,0.001
0.9985534765909722,0.001
0.9998612192687906,0.001
1.0014110480740936,0.001
0.9995534954045582,0.001
0.9982937763045132,0.001
0.9996209067207367,0.001
0.9998991780880445,0.001
1.000673472856435,0.001
1.0004654454880235,0.001
0.9994493593894144,0.001
1.002602376382243,0.001
0.9992798503142065,0.001
0.9987449830161167,0.001
1.000306646117532,0.001
1.0009698491381553,0.001
1.0004017192250054,0.001
0.9991922134813732,0.001
1.0002346054286193,0.001
0.9991557160364724,0.001
1.0001996244447102,0.001
1.000295512436179,0.001
1.000018314061214,0.001
0.9996747026764456,0.001
1.0005389842758123,0.001
0.9973261475393118,0.001
0.9992307716183085,0.001
0.9999268913799032,0.001
0.999612860884668,0.001
1.0007788232933807,0.001
0.9996497874290114,0.001
0.9995030282972139,0.001
1.0013543837052938,0.001
1.0028215506574087,0.001
0.9999519637424994,0.001
0.9999879210379686,0.001
1.0011101652414904,0.001
1.0005735293205267,0.001
1.0005567580628054,0.001
1.000313917060071,0.001
1.0004690640666363,0.001
0.998417828484194,0.001
1.0016723016529097,0.001
0.9989926215248117,0.001
0.9987768932321066,0.001
1.0006917341476778,0.001
0.9998393191065573,0.001
0.9998855183512905,0.001
0.9995433061754561,0.001
0.9999868236026833,0.001
0.9991816680462416,0.001
0.998869948389454,0.001
1.0003678473008981,0.001
1.0001297027216938,0.001
0.9994532281926166,0.001
0.9990287683416991,0.001
0.9981927065422248,0.001
1.0015884329894988,0.001
1.0006265048291967,0.001
0.99944694337839,0.001
0.999380936542701,0.001
1.0004472466853178,0.001
1.0002858987584056,0.001
1.0000671174093854,0.001
1.0000889875534704,0.001
0.999896495988601,0.001
1.0002854665283936,0.001
0.9996988097351664,0.001
0.9994821536897164,0.001
1.0005024908043898,0.001
1.0002428226625373,0.001
0.999651048006252,0.001
0.9998643259209916,0.001
1.0005246123501963,0.001
1.0003443903846245,0.001
1.0001431985885088,0.001
1.0021447275485384,0.001
1.0004595755294035,0.001
0.9989762551916158,0.001
1.0009111514066813,0.001
1.0009717123930049,0.001
1.0003334229633472,0.001
0.9990830774325696,0.001
1.0003353067259617,0.001
0.9995641158256802,0.001
0.9982364034266018,0.001
1.0010536547468891,0.001
1.0014478836277803,0.001
1.0013628176044405,0.001
0.9995868169028665,0.001
1.0001462918210855,0.001
0.9990236074478903,0.001
1.002442206232591,0.001
1.0008519847081256,0.001
1.0008978185065691,0.001
0.9997262533062805,0.001
0.9997344258842532,0.001
1.0003492898111153,0.001
1.0009373360672031,0.001
0.999313164881256,0.001
1.0019407443660193,0.001
1.001158389909123,0.001
1.0007074383941705,0.001
0.9992116150573054,0.001
1.0010522358712741,0.001
0.9976905227817495,0.001
1.0003791067917984,0.001
0.9984647475492285,0.001
1.0007591835835818,0.001
0.9984560365276939,0.001
1.0015143851703927,0.001
1.00338850571067,0.001
1.001213649726009,0.001
0.9985684880948349,0.001
1.0010455119238375,0.001
1.0008171475567589,0.001
0.9984880881336429,0.001
1.0004492982417241,0.001
1.0000200430593915,0.001
1.0007905573437317,0.001
0.997919743772066,0.001
1.0008193116045854,0.001
1.0001415301832703,0.001
0.9998893224173865,0.001
1.0016932161133152,0.001
1.0013444905350752,0.001
0.9992064491547054,0.001
1.000917299150791,0.001
1.0007481028464602,0.001
1.0002678570567818,0.001
0.9992369522099259,0.001
1.0005798472629768,0.001
1.0007615374824956,0.001
1.0004276719515972,0.001
1.0011597615795296,0.001
1.0011265038588115,0.001
0.9999859391304952,0.001
1.0008663501489787,0.001
1.0013327301608208,0.001
0.9992427993450103,0.001
1.0001965737727627,0.001
0.9997963855891143,0.001
0.9982919522581185,0.001
0.9996487168878561,0.001
1.00028168298524,0.001
0.9996671556414803,0.001
1.0006988859099142,0.001
0.9979484137373159,0.001
0.9993224662335219,0.001
1.0003871207052035,0.001
0.9994056509893695,0.001
0.9992232843479508,0.001
1.0009414791241953,0.001
0.9999454798935924,0.001
1.0012465808223698,0.001
1.0016778101373287,0.001
0.9995538677763722,0.001
1.0008949548322954,0.001
0.9993457322041838,0.001
0.9993764364800142,0.001
0.9992830942773914,0.001
0.9995294636623099,0.001
1.000200270180562,0.001
0.9998944276865931,0.001
0.9984280743062897,0.001
1.0013241587052828,0.001
1.001581163025054,0.001
1.0017076277344938,0.001
0.9987879312734353,0.001
0.9996316545365757,0.001
1.0004728237820621,0.001
1.000712281114623,0.001
0.9993071778431656,0.001
1.0010430414508447,0.001
1.0006878509023065,0.001
1.0013279680868572,0.001
0.9999027934401684,0.001
0.9989289982979059,0.001
1.0020250030857714,0.001
0.9994776428169667,0.001
0.9988400316237895,0.001
0.999886076134293,0.001
0.999562773743612,0.001
1.0013224263834621,0.001
0.9999657707622982,0.001
0.9998639275594012,0.001
1.0003016179769688,0.001
1.0021027685735124,0.001
0.9994762085862944,0.001
0.9998693740596752,0.001
1.0004725372405736,0.001
0.9993343378216412,0.001
0.999191026601687,0.001
0.9992807809343582,0.001
0.9995155172615044,0.001
0.9994908097119463,0.001
0.9990110220164748,0.001
0.998300643358635,0.001
0.9997253438584992,0.001
0.99776130255301,0.001
0.9995523492754091,0.001
1.0003209051138373,0.001
0.9996077307333482,0.001
0.9992601375337878,0.001
1.0001054871309205,0.001
0.9999703377472323,0.001
0.9995391779038121,0.001
0.9995682170991845,0.001
1.0008249112644283,0.001
1.0001474536689798,0.001
1.0004750885908011,0.001
1.0016628646017773,0.001
0.9990807647696601,0.001
1.000385713100395,0.001
1.0010157318785673,0.001
0.998954557903078,0.001
1.0018762599136948,0.001
1.0002575221025292,0.001
0.9988747139684987,0.001
0.9975934715878442,0.001
0.9997536287680606,0.001
1.000861553168299,0.001
0.9993872548370176,0.001
1.0004159977402078,0.001
1.0006278494142842,0.001
1.0001303174900544,0.001
1.0010252410954283,0.001
1.0009369375197208,0.001
0.9993554361917961,0.001
0.9984117705630705,0.001
0.9998599422483968,0.001
1.0007573502491516,0.001
1.0002799875592696,0.001
0.9996705474140497,0.001
0.9990282837710922,0.001
0.9993834710638428,0.001
0.9982867440990072,0.001
0.998282800400969,0.001
0.9999763606980356,0.001
1.0001302760761952,0.001
1.0017446565840555,0.001
1.0007563228948542,0.001
1.0004505934418333,0.001
0.9994484858906368,0.001
1.0001352051829335,0.001
0.9994904326741414,0.001
0.9997076178175667,0.001
0.9988010812572942,0.001
0.9989643259071374,0.001
0.9995738663403179,0.001
1.0005498379157927,0.001
1.000159373260016,0.001
0.9985749509508997,0.001
1.0007069425887047,0.001
1.0006891504405526,0.001
1.0009915106471632,0.001
1.000065138347257,0.001
0.998516892752589,0.001
0.9998026884875145,0.001
